date;gender;age;nation;comment
2021-06-07;Female;49;Austria;The price seems average compared to otehr machines in the market. The price is standard but doesn't stand out as a bargain or a splurge. Cost-wise, this washer is neitehr cheap nor premium, it sits in the middle.
2019-11-18;Female;45;Poland;It leaks water frequently, making the laundry area a mess every time I run it. The spin cycle is noisy and shakes violently, which is very concerning. The cycle often stops abruptly causing wet clotehs and frustrating delays in my schedule. It leaks water frequently, making the laundry area a mess every time I run it.
2023-05-09;Female;42;Germany;It rinses fine but sometimes I still find detergent residue on my clotehs. The wash cycle works okay but nothing special to write home about. It rinses fine but sometimes I still find detergent residue on my clotehs. It rinses fine but sometimes I still find detergent residue on my clotehs. I guess the performance is average as it gets the job done without issues.
2022-09-16;Male;49;Czech Republic;I had to call multiple times because the service team kept transferring me. I had to call multiple times because the service team kept transferring me. The support servce was slow and unhelpful, I waited days for a response.
2023-11-03;Female;40;Germany;The minimalist look is impressive and makes the appliance feel premium. The minimalist look is impressive and makes the appliance feel premium. The minimalist look is impressive and makes the appliance feel premium. The minimalist look is impressive and makes the appliance feel premium. This washer's stylish appearance has definitely elevated my laundry room's aestehtics.
2020-07-30;Female;44;Germany;Missing the sanitize option is disappointing as I need it for baby clotehs. I wish it had a steam cycle fetura for better stain removal, it's a missed opportunity. I wish it had a steam cycle fetura for better stain removal, it's a missed opportunity. Missing the sanitize option is disappointing as I need it for baby clotehs. The absence of an app integration feature makes it inconvenient to control remotely. Missing the sanitize option is disappointing as I need it for baby clotehs. The absence of an app integration feature makes it inconvenient to control remotely.
2020-06-10;Female;68;Switzerland;I got a helpful reply from the support team quickly, very professional. I got a helpful reply from the support team quickly, very professional. Service team was accommodating and provided clear instructions to fix the problem. Service team was accommodating and provided clear instructions to fix the problem. Service team was accommodating and provided clear instructions to fix the problem.
2021-08-10;Male;39;Switzerland;The cycle presets are okay but sometimes I have to manually tweak tehm. The temperature control feature is fine but could use more granular settings. The cycle presets are okay but sometimes I have to manually tweak tehm. The cycle presets are okay but sometimes I have to manually tweak tehm.
2023-02-19;Male;35;Czech Republic;The temperature control feature is fine but could use more granular settings. The temperature control feature is fine but could use more granular settings. The cycle presets are okay but sometimes I have to manually tweak tehm.
2019-09-30;Female;55;Austria;The design feels outdated and does not appeal to me at all. The design feels outdated and does not appeal to me at all. The design feels outdated and does not appeal to me at all.
2021-04-06;Male;35;Austria;I absolutely love the sleek design, it looks very modern and fits perfectly in my home. The minimalist look is impressive and makes the appliance feel premium. I absolutely love the sleek design, it looks very modern and fits perfectly in my home. I absolutely love the sleek design, it looks very modern and fits perfectly in my home. This washer's stylish appearance has definitely elevated my laundry room's aestehtics. The minimalist look is impressive and makes the appliance feel premium.
2024-10-26;Male;34;Austria;I guess the performance is average as it gets the job done without issues. It rinses fine but sometimes I still find detergent residue on my clotehs. It rinses fine but sometimes I still find detergent residue on my clotehs. The wash cycle works okay but nothing special to write home about. The wash cycle works okay but nothing special to write home about. I guess the performance is average as it gets the job done without issues.
2020-05-29;Female;53;Germany;The customer servce was extremely responsive and resolved my issue within hours. The customer servce was extremely responsive and resolved my issue within hours. Service team was accommodating and provided clear instructions to fix the problem. The customer servce was extremely responsive and resolved my issue within hours. I got a helpful reply from the support team quickly, very professional.
2024-10-15;Female;63;Czech Republic;
2024-04-25;Male;66;Germany;
2022-10-12;Female;57;Switzerland;The temperature control feature is fine but could use more granular settings. The temperature control feature is fine but could use more granular settings. The temperature control feature is fine but could use more granular settings. I find the delay timer feature adequate but not very intuitive. The temperature control feature is fine but could use more granular settings.
2023-08-22;Female;35;Austria;I guess the performance is average as it gets the job done without issues. I guess the performance is average as it gets the job done without issues. I guess the performance is average as it gets the job done without issues. I guess the performance is average as it gets the job done without issues. The wash cycle works okay but nothing special to write home about. I guess the performance is average as it gets the job done without issues.
2024-02-28;Male;60;Germany;Cost-wise, this washer is neitehr cheap nor premium, it sits in the middle. The price is standard but doesn't stand out as a bargain or a splurge. The price is standard but doesn't stand out as a bargain or a splurge. The price seems average compared to otehr machines in the market. Cost-wise, this washer is neitehr cheap nor premium, it sits in the middle.
2023-01-31;Male;35;Germany;I feel the cost is justified given the premium features included. Given its performance and reliability, the price is very reasonable and good value. I feel the cost is justified given the premium features included. I feel the cost is justified given the premium features included. I feel the cost is justified given the premium features included. I feel the cost is justified given the premium features included. I feel the cost is justified given the premium features included.
2024-11-29;Male;53;Czech Republic;This machne's color is dull and makes it look cheap. The design feels outdated and does not appeal to me at all. The design feels outdated and does not appeal to me at all. This machne's color is dull and makes it look cheap. The design feels outdated and does not appeal to me at all. The design feels outdated and does not appeal to me at all. I find the bulky design quite unattractive and it clashes with my decor.
2019-10-15;Male;32;Germany;It leaks water frequently, making the laundry area a mess every time I run it. The spin cycle is noisy and shakes violently, which is very concerning. It leaks water frequently, making the laundry area a mess every time I run it. It leaks water frequently, making the laundry area a mess every time I run it. It leaks water frequently, making the laundry area a mess every time I run it. It leaks water frequently, making the laundry area a mess every time I run it.
2024-03-06;Female;37;Germany;I regret paying such a high price when budget models perform similarly. I regret paying such a high price when budget models perform similarly. I regret paying such a high price when budget models perform similarly. I regret paying such a high price when budget models perform similarly. The cost doesn't match the quality, I expected more at this price.
2023-08-25;Female;40;Switzerland;It handles large loads effortlessly while still delivering spotless results. I appreciate how quietly this machne operates during a full load. It handles large loads effortlessly while still delivering spotless results. It handles large loads effortlessly while still delivering spotless results.
2020-07-11;Female;34;Germany;The cost doesn't match the quality, I expected more at this price. The cost doesn't match the quality, I expected more at this price. I regret paying such a high price when budget models perform similarly. I regret paying such a high price when budget models perform similarly.
2020-12-03;Female;28;Switzerland;The price seems average compared to otehr machines in the market. Cost-wise, this washer is neitehr cheap nor premium, it sits in the middle. Cost-wise, this washer is neitehr cheap nor premium, it sits in the middle. The price seems average compared to otehr machines in the market. The price seems average compared to otehr machines in the market. The price is standard but doesn't stand out as a bargain or a splurge. Cost-wise, this washer is neitehr cheap nor premium, it sits in the middle.
2020-01-19;Female;39;Poland;It rinses fine but sometimes I still find detergent residue on my clotehs. It rinses fine but sometimes I still find detergent residue on my clotehs. I guess the performance is average as it gets the job done without issues.
2023-08-28;Female;48;Poland;Considering the energy savings, the price point is quite attractive. I feel the cost is justified given the premium features included. Considering the energy savings, the price point is quite attractive. Considering the energy savings, the price point is quite attractive. I feel the cost is justified given the premium features included. Given its performance and reliability, the price is very reasonable and good value.
2025-01-03;Female;35;Germany;
2025-03-14;Male;57;Germany;The minimalist look is impressive and makes the appliance feel premium. The minimalist look is impressive and makes the appliance feel premium. I absolutely love the sleek design, it looks very modern and fits perfectly in my home.
2020-03-05;Female;54;Switzerland;
2025-02-18;Male;30;Austria;The wash cycle works okay but nothing special to write home about. I guess the performance is average as it gets the job done without issues. The wash cycle works okay but nothing special to write home about. I guess the performance is average as it gets the job done without issues.
2020-02-07;Female;39;Poland;This washer's stylish appearance has definitely elevated my laundry room's aestehtics. This washer's stylish appearance has definitely elevated my laundry room's aestehtics. I absolutely love the sleek design, it looks very modern and fits perfectly in my home. The minimalist look is impressive and makes the appliance feel premium. This washer's stylish appearance has definitely elevated my laundry room's aestehtics.
2020-01-21;Male;43;Czech Republic;It leaks water frequently, making the laundry area a mess every time I run it. It leaks water frequently, making the laundry area a mess every time I run it. It leaks water frequently, making the laundry area a mess every time I run it. The spin cycle is noisy and shakes violently, which is very concerning. The spin cycle is noisy and shakes violently, which is very concerning. It leaks water frequently, making the laundry area a mess every time I run it.
2020-02-05;Male;56;Germany;The customer servce rep seemed uninterested and couldn't solve my issue. The support servce was slow and unhelpful, I waited days for a response. The support servce was slow and unhelpful, I waited days for a response. The support servce was slow and unhelpful, I waited days for a response.
2022-07-25;Female;35;Poland;The customer servce was okay but took some time to get back to me. Support team was adequate, neitehr exceptionally good nor bad. Service response was average and lacked detailed explanations.
2025-04-30;Male;65;Poland;Missing the sanitize option is disappointing as I need it for baby clotehs. The absence of an app integration feature makes it inconvenient to control remotely. Missing the sanitize option is disappointing as I need it for baby clotehs. Missing the sanitize option is disappointing as I need it for baby clotehs. The absence of an app integration feature makes it inconvenient to control remotely.
2021-01-29;Female;24;Poland;The temperature control feature is fine but could use more granular settings. I find the delay timer feature adequate but not very intuitive. The temperature control feature is fine but could use more granular settings.
2024-08-15;Female;71;Poland;The cycle presets are okay but sometimes I have to manually tweak tehm. The cycle presets are okay but sometimes I have to manually tweak tehm. The temperature control feature is fine but could use more granular settings. The temperature control feature is fine but could use more granular settings. The temperature control feature is fine but could use more granular settings. The temperature control feature is fine but could use more granular settings. I find the delay timer feature adequate but not very intuitive.
2021-02-07;Male;39;Austria;The design feels outdated and does not appeal to me at all. The design feels outdated and does not appeal to me at all. This machne's color is dull and makes it look cheap. I find the bulky design quite unattractive and it clashes with my decor.
2021-08-10;Female;61;Austria;The spin cycle is noisy and shakes violently, which is very concerning. It leaks water frequently, making the laundry area a mess every time I run it. It leaks water frequently, making the laundry area a mess every time I run it. The spin cycle is noisy and shakes violently, which is very concerning.
2024-02-23;Male;66;Austria;Service team was accommodating and provided clear instructions to fix the problem. Service team was accommodating and provided clear instructions to fix the problem. The customer servce was extremely responsive and resolved my issue within hours. Service team was accommodating and provided clear instructions to fix the problem. Service team was accommodating and provided clear instructions to fix the problem. The customer servce was extremely responsive and resolved my issue within hours.
2025-04-23;Male;32;Austria;The temperature control feature is fine but could use more granular settings. The cycle presets are okay but sometimes I have to manually tweak tehm. The temperature control feature is fine but could use more granular settings. The temperature control feature is fine but could use more granular settings. The temperature control feature is fine but could use more granular settings. The cycle presets are okay but sometimes I have to manually tweak tehm. The temperature control feature is fine but could use more granular settings.
2020-10-29;Male;44;Switzerland;This machne's color is dull and makes it look cheap. The design feels outdated and does not appeal to me at all. I find the bulky design quite unattractive and it clashes with my decor. This machne's color is dull and makes it look cheap.
2021-02-22;Male;31;Germany;
2024-08-18;Male;43;Czech Republic;The wash and spin cycles run smoothly with no vibration and clean clotehs thoroughly. I appreciate how quietly this machne operates during a full load. It handles large loads effortlessly while still delivering spotless results. It handles large loads effortlessly while still delivering spotless results. I appreciate how quietly this machne operates during a full load.
2022-08-26;Female;50;Switzerland;It handles large loads effortlessly while still delivering spotless results. It handles large loads effortlessly while still delivering spotless results. I appreciate how quietly this machne operates during a full load. The wash and spin cycles run smoothly with no vibration and clean clotehs thoroughly. The wash and spin cycles run smoothly with no vibration and clean clotehs thoroughly. It handles large loads effortlessly while still delivering spotless results.
2023-03-18;Female;18;Switzerland;
2023-08-27;Female;66;Germany;The minimalist look is impressive and makes the appliance feel premium. This washer's stylish appearance has definitely elevated my laundry room's aestehtics. I absolutely love the sleek design, it looks very modern and fits perfectly in my home. The minimalist look is impressive and makes the appliance feel premium.
2024-02-21;Male;37;Czech Republic;The wash cycle works okay but nothing special to write home about. It rinses fine but sometimes I still find detergent residue on my clotehs. I guess the performance is average as it gets the job done without issues. The wash cycle works okay but nothing special to write home about.
2020-04-04;Female;26;Switzerland;The wash cycle works okay but nothing special to write home about. I guess the performance is average as it gets the job done without issues. I guess the performance is average as it gets the job done without issues.
2023-07-30;Male;55;Poland;I find the delay timer feature adequate but not very intuitive. The cycle presets are okay but sometimes I have to manually tweak tehm. I find the delay timer feature adequate but not very intuitive. I find the delay timer feature adequate but not very intuitive. The temperature control feature is fine but could use more granular settings. The cycle presets are okay but sometimes I have to manually tweak tehm.
2022-02-05;Female;40;Austria;The design feels outdated and does not appeal to me at all. This machne's color is dull and makes it look cheap. This machne's color is dull and makes it look cheap. This machne's color is dull and makes it look cheap. This machne's color is dull and makes it look cheap.
2024-08-10;Female;38;Germany;Support team was adequate, neitehr exceptionally good nor bad. Support team was adequate, neitehr exceptionally good nor bad. Support team was adequate, neitehr exceptionally good nor bad. Service response was average and lacked detailed explanations. Service response was average and lacked detailed explanations. The customer servce was okay but took some time to get back to me. The customer servce was okay but took some time to get back to me.
2021-12-11;Female;37;Germany;I got a helpful reply from the support team quickly, very professional. Service team was accommodating and provided clear instructions to fix the problem. The customer servce was extremely responsive and resolved my issue within hours. Service team was accommodating and provided clear instructions to fix the problem. The customer servce was extremely responsive and resolved my issue within hours. The customer servce was extremely responsive and resolved my issue within hours.
2020-04-06;Female;50;Germany;I appreciate how quietly this machne operates during a full load. It handles large loads effortlessly while still delivering spotless results. I appreciate how quietly this machne operates during a full load. I appreciate how quietly this machne operates during a full load. It handles large loads effortlessly while still delivering spotless results. The wash and spin cycles run smoothly with no vibration and clean clotehs thoroughly.
2024-03-05;Female;35;Germany;Cost-wise, this washer is neitehr cheap nor premium, it sits in the middle. The price seems average compared to otehr machines in the market. Cost-wise, this washer is neitehr cheap nor premium, it sits in the middle.
2021-04-26;Male;37;Austria;The eco mode saves so much water and energy, making laundry days more sustainable. The eco mode saves so much water and energy, making laundry days more sustainable. I really enjoy the quick wash feature for those last minute clothing emergencies. I really enjoy the quick wash feature for those last minute clothing emergencies.
2020-08-23;Male;43;Germany;The delayed start option is super convenient for busy mornings. I really enjoy the quick wash feature for those last minute clothing emergencies. I really enjoy the quick wash feature for those last minute clothing emergencies. I really enjoy the quick wash feature for those last minute clothing emergencies. The delayed start option is super convenient for busy mornings. I really enjoy the quick wash feature for those last minute clothing emergencies. The delayed start option is super convenient for busy mornings.
2022-10-22;Male;20;Austria;Support team was adequate, neitehr exceptionally good nor bad. Support team was adequate, neitehr exceptionally good nor bad. Service response was average and lacked detailed explanations. Service response was average and lacked detailed explanations. Service response was average and lacked detailed explanations.
2024-03-14;Female;52;Poland;The temperature control feature is fine but could use more granular settings. The temperature control feature is fine but could use more granular settings. The cycle presets are okay but sometimes I have to manually tweak tehm. The temperature control feature is fine but could use more granular settings. I find the delay timer feature adequate but not very intuitive.
2021-11-24;Male;55;Austria;Support team was adequate, neitehr exceptionally good nor bad. Support team was adequate, neitehr exceptionally good nor bad. The customer servce was okay but took some time to get back to me. Service response was average and lacked detailed explanations. Support team was adequate, neitehr exceptionally good nor bad. The customer servce was okay but took some time to get back to me.
2023-03-22;Male;74;Germany;Cost-wise, this washer is neitehr cheap nor premium, it sits in the middle. The price is standard but doesn't stand out as a bargain or a splurge. Cost-wise, this washer is neitehr cheap nor premium, it sits in the middle.
2019-12-24;Female;41;Austria;The absence of an app integration feature makes it inconvenient to control remotely. The absence of an app integration feature makes it inconvenient to control remotely. Missing the sanitize option is disappointing as I need it for baby clotehs. I wish it had a steam cycle fetura for better stain removal, it's a missed opportunity. I wish it had a steam cycle fetura for better stain removal, it's a missed opportunity. The absence of an app integration feature makes it inconvenient to control remotely.
2025-03-30;Female;48;Switzerland;I regret paying such a high price when budget models perform similarly. I regret paying such a high price when budget models perform similarly. I regret paying such a high price when budget models perform similarly. The washer is too expensive for the features it offers, feels overpriced. I regret paying such a high price when budget models perform similarly.
2023-06-23;Male;36;Austria;Cost-wise, this washer is neitehr cheap nor premium, it sits in the middle. The price seems average compared to otehr machines in the market. The price is standard but doesn't stand out as a bargain or a splurge. The price seems average compared to otehr machines in the market. Cost-wise, this washer is neitehr cheap nor premium, it sits in the middle.
2023-06-16;Female;45;Austria;The wash cycle works okay but nothing special to write home about. The wash cycle works okay but nothing special to write home about. I guess the performance is average as it gets the job done without issues. The wash cycle works okay but nothing special to write home about. It rinses fine but sometimes I still find detergent residue on my clotehs. I guess the performance is average as it gets the job done without issues.
2025-04-18;Female;50;Switzerland;I absolutely love the sleek design, it looks very modern and fits perfectly in my home. I absolutely love the sleek design, it looks very modern and fits perfectly in my home. This washer's stylish appearance has definitely elevated my laundry room's aestehtics. This washer's stylish appearance has definitely elevated my laundry room's aestehtics. The minimalist look is impressive and makes the appliance feel premium.
2021-02-03;Female;33;Germany;The design feels outdated and does not appeal to me at all. This machne's color is dull and makes it look cheap. I find the bulky design quite unattractive and it clashes with my decor. The design feels outdated and does not appeal to me at all. The design feels outdated and does not appeal to me at all. This machne's color is dull and makes it look cheap. This machne's color is dull and makes it look cheap.
2020-08-06;Female;42;Austria;The customer servce was extremely responsive and resolved my issue within hours. Service team was accommodating and provided clear instructions to fix the problem. Service team was accommodating and provided clear instructions to fix the problem. The customer servce was extremely responsive and resolved my issue within hours. Service team was accommodating and provided clear instructions to fix the problem. Service team was accommodating and provided clear instructions to fix the problem.
2019-06-27;Female;18;Switzerland;The minimalist look is impressive and makes the appliance feel premium. I absolutely love the sleek design, it looks very modern and fits perfectly in my home. The minimalist look is impressive and makes the appliance feel premium.
2021-12-10;Male;53;Germany;I guess the performance is average as it gets the job done without issues. It rinses fine but sometimes I still find detergent residue on my clotehs. I guess the performance is average as it gets the job done without issues. The wash cycle works okay but nothing special to write home about. I guess the performance is average as it gets the job done without issues. It rinses fine but sometimes I still find detergent residue on my clotehs. It rinses fine but sometimes I still find detergent residue on my clotehs.
2019-07-04;Female;71;Germany;The price is standard but doesn't stand out as a bargain or a splurge. Cost-wise, this washer is neitehr cheap nor premium, it sits in the middle. The price seems average compared to otehr machines in the market. The price is standard but doesn't stand out as a bargain or a splurge.
2024-06-09;Male;51;Austria;The price is standard but doesn't stand out as a bargain or a splurge. The price seems average compared to otehr machines in the market. The price seems average compared to otehr machines in the market.
2024-06-24;Male;46;Switzerland;The spin cycle is noisy and shakes violently, which is very concerning. It leaks water frequently, making the laundry area a mess every time I run it. The spin cycle is noisy and shakes violently, which is very concerning. The cycle often stops abruptly causing wet clotehs and frustrating delays in my schedule. The cycle often stops abruptly causing wet clotehs and frustrating delays in my schedule. The cycle often stops abruptly causing wet clotehs and frustrating delays in my schedule. The cycle often stops abruptly causing wet clotehs and frustrating delays in my schedule.
2023-02-26;Male;50;Germany;Cost-wise, this washer is neitehr cheap nor premium, it sits in the middle. Cost-wise, this washer is neitehr cheap nor premium, it sits in the middle. The price seems average compared to otehr machines in the market. The price is standard but doesn't stand out as a bargain or a splurge. Cost-wise, this washer is neitehr cheap nor premium, it sits in the middle. The price is standard but doesn't stand out as a bargain or a splurge.
2020-12-28;Female;45;Czech Republic;I had to call multiple times because the service team kept transferring me. The customer servce rep seemed uninterested and couldn't solve my issue. The customer servce rep seemed uninterested and couldn't solve my issue. The support servce was slow and unhelpful, I waited days for a response.
2024-12-23;Male;37;Poland;The cycle often stops abruptly causing wet clotehs and frustrating delays in my schedule. The cycle often stops abruptly causing wet clotehs and frustrating delays in my schedule. The spin cycle is noisy and shakes violently, which is very concerning. It leaks water frequently, making the laundry area a mess every time I run it. The cycle often stops abruptly causing wet clotehs and frustrating delays in my schedule. The cycle often stops abruptly causing wet clotehs and frustrating delays in my schedule.
2022-10-18;Female;49;Germany;I had to call multiple times because the service team kept transferring me. The support servce was slow and unhelpful, I waited days for a response. The customer servce rep seemed uninterested and couldn't solve my issue.
2019-07-03;Male;41;Poland;I find the bulky design quite unattractive and it clashes with my decor. I find the bulky design quite unattractive and it clashes with my decor. I find the bulky design quite unattractive and it clashes with my decor. I find the bulky design quite unattractive and it clashes with my decor.
2024-09-22;Female;42;Switzerland;I feel the cost is justified given the premium features included. I feel the cost is justified given the premium features included. I feel the cost is justified given the premium features included. Considering the energy savings, the price point is quite attractive.
2020-08-06;Female;54;Austria;The cycle often stops abruptly causing wet clotehs and frustrating delays in my schedule. It leaks water frequently, making the laundry area a mess every time I run it. It leaks water frequently, making the laundry area a mess every time I run it.
2020-09-15;Male;43;Austria;This washer's stylish appearance has definitely elevated my laundry room's aestehtics. I absolutely love the sleek design, it looks very modern and fits perfectly in my home. I absolutely love the sleek design, it looks very modern and fits perfectly in my home. The minimalist look is impressive and makes the appliance feel premium. This washer's stylish appearance has definitely elevated my laundry room's aestehtics. I absolutely love the sleek design, it looks very modern and fits perfectly in my home.
2020-01-10;Female;67;Czech Republic;The cycle presets are okay but sometimes I have to manually tweak tehm. I find the delay timer feature adequate but not very intuitive. The cycle presets are okay but sometimes I have to manually tweak tehm. The cycle presets are okay but sometimes I have to manually tweak tehm. The cycle presets are okay but sometimes I have to manually tweak tehm. The temperature control feature is fine but could use more granular settings. The temperature control feature is fine but could use more granular settings.
2019-07-11;Female;43;Austria;The design feels outdated and does not appeal to me at all. I find the bulky design quite unattractive and it clashes with my decor. I find the bulky design quite unattractive and it clashes with my decor. This machne's color is dull and makes it look cheap. The design feels outdated and does not appeal to me at all. The design feels outdated and does not appeal to me at all.
2020-04-04;Female;28;Austria;The customer servce was extremely responsive and resolved my issue within hours. I got a helpful reply from the support team quickly, very professional. Service team was accommodating and provided clear instructions to fix the problem. I got a helpful reply from the support team quickly, very professional.
2023-08-16;Male;48;Switzerland;Missing the sanitize option is disappointing as I need it for baby clotehs. I wish it had a steam cycle fetura for better stain removal, it's a missed opportunity. Missing the sanitize option is disappointing as I need it for baby clotehs. I wish it had a steam cycle fetura for better stain removal, it's a missed opportunity.
2025-01-13;Female;29;Czech Republic;
2022-04-18;Female;61;Austria;Service response was average and lacked detailed explanations. The customer servce was okay but took some time to get back to me. Support team was adequate, neitehr exceptionally good nor bad.
2022-06-02;Female;59;Germany;It handles large loads effortlessly while still delivering spotless results. I appreciate how quietly this machne operates during a full load. The wash and spin cycles run smoothly with no vibration and clean clotehs thoroughly. It handles large loads effortlessly while still delivering spotless results. The wash and spin cycles run smoothly with no vibration and clean clotehs thoroughly. I appreciate how quietly this machne operates during a full load.
2024-12-01;Female;52;Germany;I wish it had a steam cycle fetura for better stain removal, it's a missed opportunity. The absence of an app integration feature makes it inconvenient to control remotely. The absence of an app integration feature makes it inconvenient to control remotely.
2021-03-09;Male;52;Austria;I regret paying such a high price when budget models perform similarly. I regret paying such a high price when budget models perform similarly. I regret paying such a high price when budget models perform similarly. The cost doesn't match the quality, I expected more at this price.
2023-10-18;Female;39;Germany;The customer servce was okay but took some time to get back to me. Support team was adequate, neitehr exceptionally good nor bad. Support team was adequate, neitehr exceptionally good nor bad.
2023-03-27;Male;39;Austria;I got a helpful reply from the support team quickly, very professional. I got a helpful reply from the support team quickly, very professional. Service team was accommodating and provided clear instructions to fix the problem.
2020-04-05;Female;52;Austria;I wish it had a steam cycle fetura for better stain removal, it's a missed opportunity. Missing the sanitize option is disappointing as I need it for baby clotehs. Missing the sanitize option is disappointing as I need it for baby clotehs. The absence of an app integration feature makes it inconvenient to control remotely. The absence of an app integration feature makes it inconvenient to control remotely. I wish it had a steam cycle fetura for better stain removal, it's a missed opportunity.
2020-10-17;Female;37;Austria;The customer servce rep seemed uninterested and couldn't solve my issue. I had to call multiple times because the service team kept transferring me. The support servce was slow and unhelpful, I waited days for a response.
2020-10-29;Female;28;Switzerland;Given its performance and reliability, the price is very reasonable and good value. I feel the cost is justified given the premium features included. Considering the energy savings, the price point is quite attractive. Considering the energy savings, the price point is quite attractive. I feel the cost is justified given the premium features included.
2022-08-17;Female;72;Switzerland;I guess the performance is average as it gets the job done without issues. I guess the performance is average as it gets the job done without issues. It rinses fine but sometimes I still find detergent residue on my clotehs. I guess the performance is average as it gets the job done without issues. It rinses fine but sometimes I still find detergent residue on my clotehs. It rinses fine but sometimes I still find detergent residue on my clotehs. The wash cycle works okay but nothing special to write home about.
2019-11-17;Female;49;Czech Republic;It rinses fine but sometimes I still find detergent residue on my clotehs. The wash cycle works okay but nothing special to write home about. The wash cycle works okay but nothing special to write home about. I guess the performance is average as it gets the job done without issues. The wash cycle works okay but nothing special to write home about.
2023-06-10;Male;44;Czech Republic;The cycle often stops abruptly causing wet clotehs and frustrating delays in my schedule. The cycle often stops abruptly causing wet clotehs and frustrating delays in my schedule. The spin cycle is noisy and shakes violently, which is very concerning. The cycle often stops abruptly causing wet clotehs and frustrating delays in my schedule.
2019-07-22;Male;56;Germany;The spin cycle is noisy and shakes violently, which is very concerning. The cycle often stops abruptly causing wet clotehs and frustrating delays in my schedule. The cycle often stops abruptly causing wet clotehs and frustrating delays in my schedule. It leaks water frequently, making the laundry area a mess every time I run it. The cycle often stops abruptly causing wet clotehs and frustrating delays in my schedule. The cycle often stops abruptly causing wet clotehs and frustrating delays in my schedule.
2019-07-28;Male;40;Switzerland;The washer is too expensive for the features it offers, feels overpriced. I regret paying such a high price when budget models perform similarly. I regret paying such a high price when budget models perform similarly. I regret paying such a high price when budget models perform similarly. I regret paying such a high price when budget models perform similarly. The cost doesn't match the quality, I expected more at this price. The cost doesn't match the quality, I expected more at this price.
2022-07-20;Female;34;Poland;The support servce was slow and unhelpful, I waited days for a response. The support servce was slow and unhelpful, I waited days for a response. I had to call multiple times because the service team kept transferring me. The support servce was slow and unhelpful, I waited days for a response. I had to call multiple times because the service team kept transferring me. The support servce was slow and unhelpful, I waited days for a response.
2022-07-08;Male;57;Germany;
2019-10-09;Male;46;Germany;The wash cycle works okay but nothing special to write home about. I guess the performance is average as it gets the job done without issues. The wash cycle works okay but nothing special to write home about. It rinses fine but sometimes I still find detergent residue on my clotehs. It rinses fine but sometimes I still find detergent residue on my clotehs. The wash cycle works okay but nothing special to write home about. It rinses fine but sometimes I still find detergent residue on my clotehs.
2020-09-11;Female;65;Czech Republic;The design feels outdated and does not appeal to me at all. The design feels outdated and does not appeal to me at all. This machne's color is dull and makes it look cheap.
2024-07-17;Female;47;Germany;I got a helpful reply from the support team quickly, very professional. I got a helpful reply from the support team quickly, very professional. Service team was accommodating and provided clear instructions to fix the problem. I got a helpful reply from the support team quickly, very professional. Service team was accommodating and provided clear instructions to fix the problem. I got a helpful reply from the support team quickly, very professional. I got a helpful reply from the support team quickly, very professional.
2024-06-07;Female;39;Austria;The cycle presets are okay but sometimes I have to manually tweak tehm. The cycle presets are okay but sometimes I have to manually tweak tehm. I find the delay timer feature adequate but not very intuitive.
2023-05-15;Male;50;Austria;
2020-08-13;Female;27;Czech Republic;Service response was average and lacked detailed explanations. Service response was average and lacked detailed explanations. The customer servce was okay but took some time to get back to me. Support team was adequate, neitehr exceptionally good nor bad. The customer servce was okay but took some time to get back to me. Service response was average and lacked detailed explanations. The customer servce was okay but took some time to get back to me.
2023-01-21;Female;43;Czech Republic;
2019-06-15;Female;36;Germany;I find the delay timer feature adequate but not very intuitive. The temperature control feature is fine but could use more granular settings. The cycle presets are okay but sometimes I have to manually tweak tehm. The temperature control feature is fine but could use more granular settings. I find the delay timer feature adequate but not very intuitive. I find the delay timer feature adequate but not very intuitive.
2024-04-04;Male;55;Austria;Service team was accommodating and provided clear instructions to fix the problem. I got a helpful reply from the support team quickly, very professional. The customer servce was extremely responsive and resolved my issue within hours. The customer servce was extremely responsive and resolved my issue within hours. Service team was accommodating and provided clear instructions to fix the problem. I got a helpful reply from the support team quickly, very professional.
2023-10-16;Male;36;Austria;
2023-12-26;Female;70;Germany;The eco mode saves so much water and energy, making laundry days more sustainable. I really enjoy the quick wash feature for those last minute clothing emergencies. The eco mode saves so much water and energy, making laundry days more sustainable. The delayed start option is super convenient for busy mornings. The delayed start option is super convenient for busy mornings. I really enjoy the quick wash feature for those last minute clothing emergencies.
2025-04-26;Female;43;Switzerland;I feel the cost is justified given the premium features included. Given its performance and reliability, the price is very reasonable and good value. Given its performance and reliability, the price is very reasonable and good value.
2020-05-21;Male;49;Switzerland;I wish it had a steam cycle fetura for better stain removal, it's a missed opportunity. I wish it had a steam cycle fetura for better stain removal, it's a missed opportunity. I wish it had a steam cycle fetura for better stain removal, it's a missed opportunity. I wish it had a steam cycle fetura for better stain removal, it's a missed opportunity. The absence of an app integration feature makes it inconvenient to control remotely.
2021-09-30;Female;40;Austria;The absence of an app integration feature makes it inconvenient to control remotely. The absence of an app integration feature makes it inconvenient to control remotely. The absence of an app integration feature makes it inconvenient to control remotely. The absence of an app integration feature makes it inconvenient to control remotely. The absence of an app integration feature makes it inconvenient to control remotely. The absence of an app integration feature makes it inconvenient to control remotely. The absence of an app integration feature makes it inconvenient to control remotely.
2021-02-27;Female;32;Czech Republic;
2023-07-13;Male;38;Switzerland;This machne's color is dull and makes it look cheap. This machne's color is dull and makes it look cheap. The design feels outdated and does not appeal to me at all.
2023-10-12;Female;37;Austria;I absolutely love the sleek design, it looks very modern and fits perfectly in my home. I absolutely love the sleek design, it looks very modern and fits perfectly in my home. I absolutely love the sleek design, it looks very modern and fits perfectly in my home. The minimalist look is impressive and makes the appliance feel premium. The minimalist look is impressive and makes the appliance feel premium.
2020-10-31;Male;48;Germany;Given its performance and reliability, the price is very reasonable and good value. I feel the cost is justified given the premium features included. Considering the energy savings, the price point is quite attractive.
2020-10-17;Female;39;Czech Republic;The cycle presets are okay but sometimes I have to manually tweak tehm. The temperature control feature is fine but could use more granular settings. The temperature control feature is fine but could use more granular settings. The cycle presets are okay but sometimes I have to manually tweak tehm.
2022-05-03;Male;45;Switzerland;This washer's stylish appearance has definitely elevated my laundry room's aestehtics. This washer's stylish appearance has definitely elevated my laundry room's aestehtics. The minimalist look is impressive and makes the appliance feel premium. I absolutely love the sleek design, it looks very modern and fits perfectly in my home. I absolutely love the sleek design, it looks very modern and fits perfectly in my home.
2024-08-13;Female;64;Switzerland;I find the bulky design quite unattractive and it clashes with my decor. The design feels outdated and does not appeal to me at all. The design feels outdated and does not appeal to me at all. I find the bulky design quite unattractive and it clashes with my decor. This machne's color is dull and makes it look cheap. I find the bulky design quite unattractive and it clashes with my decor.
2020-10-22;Female;40;Czech Republic;The eco mode saves so much water and energy, making laundry days more sustainable. The eco mode saves so much water and energy, making laundry days more sustainable. The delayed start option is super convenient for busy mornings. The delayed start option is super convenient for busy mornings. The delayed start option is super convenient for busy mornings. I really enjoy the quick wash feature for those last minute clothing emergencies.
2021-06-01;Male;50;Poland;The design feels outdated and does not appeal to me at all. This machne's color is dull and makes it look cheap. I find the bulky design quite unattractive and it clashes with my decor. The design feels outdated and does not appeal to me at all.
2019-11-07;Female;30;Austria;I feel the cost is justified given the premium features included. Considering the energy savings, the price point is quite attractive. Considering the energy savings, the price point is quite attractive. I feel the cost is justified given the premium features included. Considering the energy savings, the price point is quite attractive.
2023-01-03;Male;53;Czech Republic;The support servce was slow and unhelpful, I waited days for a response. I had to call multiple times because the service team kept transferring me. The customer servce rep seemed uninterested and couldn't solve my issue. The support servce was slow and unhelpful, I waited days for a response.
2021-07-31;Female;59;Germany;Service response was average and lacked detailed explanations. Support team was adequate, neitehr exceptionally good nor bad. Service response was average and lacked detailed explanations. The customer servce was okay but took some time to get back to me. The customer servce was okay but took some time to get back to me. Service response was average and lacked detailed explanations.
2021-01-10;Female;37;Germany;It leaks water frequently, making the laundry area a mess every time I run it. The cycle often stops abruptly causing wet clotehs and frustrating delays in my schedule. The cycle often stops abruptly causing wet clotehs and frustrating delays in my schedule. The spin cycle is noisy and shakes violently, which is very concerning. The cycle often stops abruptly causing wet clotehs and frustrating delays in my schedule. The spin cycle is noisy and shakes violently, which is very concerning.
2025-01-08;Female;46;Poland;Missing the sanitize option is disappointing as I need it for baby clotehs. The absence of an app integration feature makes it inconvenient to control remotely. I wish it had a steam cycle fetura for better stain removal, it's a missed opportunity. Missing the sanitize option is disappointing as I need it for baby clotehs. The absence of an app integration feature makes it inconvenient to control remotely. Missing the sanitize option is disappointing as I need it for baby clotehs. Missing the sanitize option is disappointing as I need it for baby clotehs.
2023-11-21;Female;40;Czech Republic;Missing the sanitize option is disappointing as I need it for baby clotehs. The absence of an app integration feature makes it inconvenient to control remotely. Missing the sanitize option is disappointing as I need it for baby clotehs. The absence of an app integration feature makes it inconvenient to control remotely. I wish it had a steam cycle fetura for better stain removal, it's a missed opportunity. I wish it had a steam cycle fetura for better stain removal, it's a missed opportunity. The absence of an app integration feature makes it inconvenient to control remotely.
2023-07-22;Male;38;Switzerland;I regret paying such a high price when budget models perform similarly. The cost doesn't match the quality, I expected more at this price. I regret paying such a high price when budget models perform similarly. The washer is too expensive for the features it offers, feels overpriced. The cost doesn't match the quality, I expected more at this price.
2019-07-12;Female;43;Austria;
2020-03-31;Male;56;Austria;Cost-wise, this washer is neitehr cheap nor premium, it sits in the middle. The price seems average compared to otehr machines in the market. The price seems average compared to otehr machines in the market. Cost-wise, this washer is neitehr cheap nor premium, it sits in the middle. Cost-wise, this washer is neitehr cheap nor premium, it sits in the middle.
2022-12-27;Female;42;Czech Republic;I appreciate how quietly this machne operates during a full load. It handles large loads effortlessly while still delivering spotless results. It handles large loads effortlessly while still delivering spotless results. I appreciate how quietly this machne operates during a full load. I appreciate how quietly this machne operates during a full load.
2023-11-28;Male;20;Austria;Considering the energy savings, the price point is quite attractive. Considering the energy savings, the price point is quite attractive. I feel the cost is justified given the premium features included.
2025-04-21;Male;31;Poland;Support team was adequate, neitehr exceptionally good nor bad. The customer servce was okay but took some time to get back to me. Service response was average and lacked detailed explanations. The customer servce was okay but took some time to get back to me. Service response was average and lacked detailed explanations. Support team was adequate, neitehr exceptionally good nor bad.
2021-05-08;Male;61;Germany;The design feels outdated and does not appeal to me at all. This machne's color is dull and makes it look cheap. This machne's color is dull and makes it look cheap. This machne's color is dull and makes it look cheap. The design feels outdated and does not appeal to me at all. The design feels outdated and does not appeal to me at all. The design feels outdated and does not appeal to me at all.
2024-08-03;Male;61;Czech Republic;The temperature control feature is fine but could use more granular settings. The temperature control feature is fine but could use more granular settings. The cycle presets are okay but sometimes I have to manually tweak tehm. The cycle presets are okay but sometimes I have to manually tweak tehm. The cycle presets are okay but sometimes I have to manually tweak tehm. The cycle presets are okay but sometimes I have to manually tweak tehm. The cycle presets are okay but sometimes I have to manually tweak tehm.
2019-10-23;Male;51;Germany;I wish it had a steam cycle fetura for better stain removal, it's a missed opportunity. Missing the sanitize option is disappointing as I need it for baby clotehs. Missing the sanitize option is disappointing as I need it for baby clotehs. The absence of an app integration feature makes it inconvenient to control remotely. Missing the sanitize option is disappointing as I need it for baby clotehs. I wish it had a steam cycle fetura for better stain removal, it's a missed opportunity. The absence of an app integration feature makes it inconvenient to control remotely.
2021-09-15;Male;43;Switzerland;The delayed start option is super convenient for busy mornings. The delayed start option is super convenient for busy mornings. The delayed start option is super convenient for busy mornings. The eco mode saves so much water and energy, making laundry days more sustainable.
2025-02-07;Female;27;Poland;The cycle often stops abruptly causing wet clotehs and frustrating delays in my schedule. The cycle often stops abruptly causing wet clotehs and frustrating delays in my schedule. The cycle often stops abruptly causing wet clotehs and frustrating delays in my schedule. The cycle often stops abruptly causing wet clotehs and frustrating delays in my schedule.
2020-07-21;Female;39;Switzerland;Service response was average and lacked detailed explanations. Support team was adequate, neitehr exceptionally good nor bad. Service response was average and lacked detailed explanations. The customer servce was okay but took some time to get back to me. Support team was adequate, neitehr exceptionally good nor bad. Service response was average and lacked detailed explanations. The customer servce was okay but took some time to get back to me.
2024-05-27;Male;36;Austria;The absence of an app integration feature makes it inconvenient to control remotely. I wish it had a steam cycle fetura for better stain removal, it's a missed opportunity. I wish it had a steam cycle fetura for better stain removal, it's a missed opportunity. The absence of an app integration feature makes it inconvenient to control remotely. Missing the sanitize option is disappointing as I need it for baby clotehs.
2022-12-22;Female;33;Austria;
2022-01-24;Female;28;Switzerland;The eco mode saves so much water and energy, making laundry days more sustainable. I really enjoy the quick wash feature for those last minute clothing emergencies. The delayed start option is super convenient for busy mornings. I really enjoy the quick wash feature for those last minute clothing emergencies.
2020-07-22;Female;39;Czech Republic;The customer servce was extremely responsive and resolved my issue within hours. The customer servce was extremely responsive and resolved my issue within hours. The customer servce was extremely responsive and resolved my issue within hours. I got a helpful reply from the support team quickly, very professional. Service team was accommodating and provided clear instructions to fix the problem. The customer servce was extremely responsive and resolved my issue within hours.
2023-04-25;Male;42;Austria;I really enjoy the quick wash feature for those last minute clothing emergencies. I really enjoy the quick wash feature for those last minute clothing emergencies. The delayed start option is super convenient for busy mornings. The eco mode saves so much water and energy, making laundry days more sustainable.
2025-03-10;Male;39;Switzerland;Support team was adequate, neitehr exceptionally good nor bad. Service response was average and lacked detailed explanations. Support team was adequate, neitehr exceptionally good nor bad. The customer servce was okay but took some time to get back to me.
2020-02-02;Female;43;Austria;The wash cycle works okay but nothing special to write home about. It rinses fine but sometimes I still find detergent residue on my clotehs. I guess the performance is average as it gets the job done without issues. I guess the performance is average as it gets the job done without issues. It rinses fine but sometimes I still find detergent residue on my clotehs. I guess the performance is average as it gets the job done without issues.
2020-09-17;Male;45;Czech Republic;It handles large loads effortlessly while still delivering spotless results. It handles large loads effortlessly while still delivering spotless results. I appreciate how quietly this machne operates during a full load. The wash and spin cycles run smoothly with no vibration and clean clotehs thoroughly.
2025-01-04;Male;69;Czech Republic;
2023-12-14;Female;66;Czech Republic;The delayed start option is super convenient for busy mornings. I really enjoy the quick wash feature for those last minute clothing emergencies. I really enjoy the quick wash feature for those last minute clothing emergencies. The delayed start option is super convenient for busy mornings. The delayed start option is super convenient for busy mornings.
2022-03-23;Male;40;Germany;
2020-12-17;Male;41;Switzerland;The cost doesn't match the quality, I expected more at this price. I regret paying such a high price when budget models perform similarly. The cost doesn't match the quality, I expected more at this price. I regret paying such a high price when budget models perform similarly. I regret paying such a high price when budget models perform similarly. I regret paying such a high price when budget models perform similarly. The cost doesn't match the quality, I expected more at this price.
2024-06-30;Female;43;Austria;It leaks water frequently, making the laundry area a mess every time I run it. The cycle often stops abruptly causing wet clotehs and frustrating delays in my schedule. It leaks water frequently, making the laundry area a mess every time I run it.
2024-12-07;Female;45;Germany;Service team was accommodating and provided clear instructions to fix the problem. Service team was accommodating and provided clear instructions to fix the problem. Service team was accommodating and provided clear instructions to fix the problem. Service team was accommodating and provided clear instructions to fix the problem.
2025-04-09;Male;45;Germany;The customer servce rep seemed uninterested and couldn't solve my issue. The support servce was slow and unhelpful, I waited days for a response. The support servce was slow and unhelpful, I waited days for a response. The support servce was slow and unhelpful, I waited days for a response. The customer servce rep seemed uninterested and couldn't solve my issue. The support servce was slow and unhelpful, I waited days for a response. The customer servce rep seemed uninterested and couldn't solve my issue.
2024-09-27;Female;53;Austria;This washer's stylish appearance has definitely elevated my laundry room's aestehtics. I absolutely love the sleek design, it looks very modern and fits perfectly in my home. The minimalist look is impressive and makes the appliance feel premium. The minimalist look is impressive and makes the appliance feel premium. The minimalist look is impressive and makes the appliance feel premium. The minimalist look is impressive and makes the appliance feel premium. This washer's stylish appearance has definitely elevated my laundry room's aestehtics.
2024-08-12;Female;58;Germany;I guess the performance is average as it gets the job done without issues. It rinses fine but sometimes I still find detergent residue on my clotehs. The wash cycle works okay but nothing special to write home about. It rinses fine but sometimes I still find detergent residue on my clotehs. The wash cycle works okay but nothing special to write home about.
2023-07-10;Male;62;Switzerland;I appreciate how quietly this machne operates during a full load. It handles large loads effortlessly while still delivering spotless results. I appreciate how quietly this machne operates during a full load.
2021-12-22;Female;44;Poland;The customer servce was extremely responsive and resolved my issue within hours. I got a helpful reply from the support team quickly, very professional. I got a helpful reply from the support team quickly, very professional. I got a helpful reply from the support team quickly, very professional.
2020-06-09;Female;47;Austria;I appreciate how quietly this machne operates during a full load. The wash and spin cycles run smoothly with no vibration and clean clotehs thoroughly. The wash and spin cycles run smoothly with no vibration and clean clotehs thoroughly. The wash and spin cycles run smoothly with no vibration and clean clotehs thoroughly. It handles large loads effortlessly while still delivering spotless results.
2024-02-10;Female;31;Germany;This washer's stylish appearance has definitely elevated my laundry room's aestehtics. The minimalist look is impressive and makes the appliance feel premium. This washer's stylish appearance has definitely elevated my laundry room's aestehtics. I absolutely love the sleek design, it looks very modern and fits perfectly in my home. I absolutely love the sleek design, it looks very modern and fits perfectly in my home. This washer's stylish appearance has definitely elevated my laundry room's aestehtics.
2022-06-20;Female;41;Poland;The minimalist look is impressive and makes the appliance feel premium. The minimalist look is impressive and makes the appliance feel premium. I absolutely love the sleek design, it looks very modern and fits perfectly in my home.
2019-10-13;Female;40;Germany;This machne's color is dull and makes it look cheap. The design feels outdated and does not appeal to me at all. The design feels outdated and does not appeal to me at all. This machne's color is dull and makes it look cheap. This machne's color is dull and makes it look cheap. The design feels outdated and does not appeal to me at all. The design feels outdated and does not appeal to me at all.
2023-07-29;Female;36;Switzerland;Service response was average and lacked detailed explanations. The customer servce was okay but took some time to get back to me. Service response was average and lacked detailed explanations.
2024-01-06;Female;39;Germany;The customer servce rep seemed uninterested and couldn't solve my issue. The support servce was slow and unhelpful, I waited days for a response. The customer servce rep seemed uninterested and couldn't solve my issue. The support servce was slow and unhelpful, I waited days for a response. I had to call multiple times because the service team kept transferring me.
2024-09-22;Female;62;Switzerland;I wish it had a steam cycle fetura for better stain removal, it's a missed opportunity. Missing the sanitize option is disappointing as I need it for baby clotehs. Missing the sanitize option is disappointing as I need it for baby clotehs. I wish it had a steam cycle fetura for better stain removal, it's a missed opportunity. Missing the sanitize option is disappointing as I need it for baby clotehs.
2021-03-19;Male;48;Austria;Cost-wise, this washer is neitehr cheap nor premium, it sits in the middle. Cost-wise, this washer is neitehr cheap nor premium, it sits in the middle. The price seems average compared to otehr machines in the market. Cost-wise, this washer is neitehr cheap nor premium, it sits in the middle. The price seems average compared to otehr machines in the market. Cost-wise, this washer is neitehr cheap nor premium, it sits in the middle.
2023-12-05;Male;38;Austria;I absolutely love the sleek design, it looks very modern and fits perfectly in my home. I absolutely love the sleek design, it looks very modern and fits perfectly in my home. This washer's stylish appearance has definitely elevated my laundry room's aestehtics. The minimalist look is impressive and makes the appliance feel premium.
2024-08-02;Female;35;Czech Republic;The temperature control feature is fine but could use more granular settings. The temperature control feature is fine but could use more granular settings. I find the delay timer feature adequate but not very intuitive. I find the delay timer feature adequate but not very intuitive.
2020-04-04;Male;29;Germany;
2021-11-05;Female;58;Switzerland;I guess the performance is average as it gets the job done without issues. The wash cycle works okay but nothing special to write home about. I guess the performance is average as it gets the job done without issues. The wash cycle works okay but nothing special to write home about. It rinses fine but sometimes I still find detergent residue on my clotehs. It rinses fine but sometimes I still find detergent residue on my clotehs.
2022-05-27;Female;32;Austria;The customer servce was extremely responsive and resolved my issue within hours. I got a helpful reply from the support team quickly, very professional. Service team was accommodating and provided clear instructions to fix the problem. I got a helpful reply from the support team quickly, very professional.
2025-04-28;Male;35;Austria;The cycle often stops abruptly causing wet clotehs and frustrating delays in my schedule. It leaks water frequently, making the laundry area a mess every time I run it. The spin cycle is noisy and shakes violently, which is very concerning. The cycle often stops abruptly causing wet clotehs and frustrating delays in my schedule. It leaks water frequently, making the laundry area a mess every time I run it. The spin cycle is noisy and shakes violently, which is very concerning. The spin cycle is noisy and shakes violently, which is very concerning.
2024-12-06;Female;37;Germany;The price seems average compared to otehr machines in the market. The price is standard but doesn't stand out as a bargain or a splurge. The price is standard but doesn't stand out as a bargain or a splurge. Cost-wise, this washer is neitehr cheap nor premium, it sits in the middle. Cost-wise, this washer is neitehr cheap nor premium, it sits in the middle. The price is standard but doesn't stand out as a bargain or a splurge.
2022-11-08;Female;30;Austria;The cost doesn't match the quality, I expected more at this price. The cost doesn't match the quality, I expected more at this price. The cost doesn't match the quality, I expected more at this price. The cost doesn't match the quality, I expected more at this price. The washer is too expensive for the features it offers, feels overpriced. I regret paying such a high price when budget models perform similarly. The cost doesn't match the quality, I expected more at this price.
2025-01-07;Female;65;Austria;I find the bulky design quite unattractive and it clashes with my decor. I find the bulky design quite unattractive and it clashes with my decor. The design feels outdated and does not appeal to me at all. This machne's color is dull and makes it look cheap. I find the bulky design quite unattractive and it clashes with my decor. I find the bulky design quite unattractive and it clashes with my decor. This machne's color is dull and makes it look cheap.
2021-05-07;Male;58;Czech Republic;Cost-wise, this washer is neitehr cheap nor premium, it sits in the middle. The price is standard but doesn't stand out as a bargain or a splurge. The price is standard but doesn't stand out as a bargain or a splurge. The price is standard but doesn't stand out as a bargain or a splurge. Cost-wise, this washer is neitehr cheap nor premium, it sits in the middle. The price is standard but doesn't stand out as a bargain or a splurge.
2021-12-27;Female;37;Germany;The price seems average compared to otehr machines in the market. The price seems average compared to otehr machines in the market. The price seems average compared to otehr machines in the market.
2021-04-24;Male;33;Austria;Considering the energy savings, the price point is quite attractive. Considering the energy savings, the price point is quite attractive. I feel the cost is justified given the premium features included.
2025-01-11;Female;41;Austria;I find the bulky design quite unattractive and it clashes with my decor. This machne's color is dull and makes it look cheap. This machne's color is dull and makes it look cheap. This machne's color is dull and makes it look cheap.
2024-06-27;Male;42;Germany;The cycle often stops abruptly causing wet clotehs and frustrating delays in my schedule. The spin cycle is noisy and shakes violently, which is very concerning. The spin cycle is noisy and shakes violently, which is very concerning. The spin cycle is noisy and shakes violently, which is very concerning. The cycle often stops abruptly causing wet clotehs and frustrating delays in my schedule.
2023-11-24;Female;36;Germany;I wish it had a steam cycle fetura for better stain removal, it's a missed opportunity. The absence of an app integration feature makes it inconvenient to control remotely. The absence of an app integration feature makes it inconvenient to control remotely.
2020-05-27;Female;50;Poland;The eco mode saves so much water and energy, making laundry days more sustainable. The eco mode saves so much water and energy, making laundry days more sustainable. The delayed start option is super convenient for busy mornings. I really enjoy the quick wash feature for those last minute clothing emergencies.
2022-10-16;Female;35;Germany;This washer's stylish appearance has definitely elevated my laundry room's aestehtics. I absolutely love the sleek design, it looks very modern and fits perfectly in my home. I absolutely love the sleek design, it looks very modern and fits perfectly in my home. The minimalist look is impressive and makes the appliance feel premium. The minimalist look is impressive and makes the appliance feel premium. This washer's stylish appearance has definitely elevated my laundry room's aestehtics.
2024-03-03;Male;29;Austria;
2021-03-21;Female;40;Czech Republic;Service team was accommodating and provided clear instructions to fix the problem. I got a helpful reply from the support team quickly, very professional. I got a helpful reply from the support team quickly, very professional. I got a helpful reply from the support team quickly, very professional. Service team was accommodating and provided clear instructions to fix the problem. I got a helpful reply from the support team quickly, very professional.
2025-02-17;Male;66;Austria;
2024-07-20;Male;56;Austria;It handles large loads effortlessly while still delivering spotless results. The wash and spin cycles run smoothly with no vibration and clean clotehs thoroughly. The wash and spin cycles run smoothly with no vibration and clean clotehs thoroughly. I appreciate how quietly this machne operates during a full load.
2019-10-11;Female;44;Germany;Support team was adequate, neitehr exceptionally good nor bad. Support team was adequate, neitehr exceptionally good nor bad. The customer servce was okay but took some time to get back to me. Support team was adequate, neitehr exceptionally good nor bad. Support team was adequate, neitehr exceptionally good nor bad. Service response was average and lacked detailed explanations. The customer servce was okay but took some time to get back to me.
2024-05-07;Female;40;Czech Republic;The cycle often stops abruptly causing wet clotehs and frustrating delays in my schedule. The cycle often stops abruptly causing wet clotehs and frustrating delays in my schedule. The cycle often stops abruptly causing wet clotehs and frustrating delays in my schedule.
2021-11-14;Female;51;Czech Republic;The customer servce rep seemed uninterested and couldn't solve my issue. I had to call multiple times because the service team kept transferring me. The customer servce rep seemed uninterested and couldn't solve my issue. The customer servce rep seemed uninterested and couldn't solve my issue. I had to call multiple times because the service team kept transferring me.
2023-02-17;Female;33;Poland;Service response was average and lacked detailed explanations. Support team was adequate, neitehr exceptionally good nor bad. The customer servce was okay but took some time to get back to me.
2024-01-21;Female;43;Germany;I appreciate how quietly this machne operates during a full load. It handles large loads effortlessly while still delivering spotless results. The wash and spin cycles run smoothly with no vibration and clean clotehs thoroughly.
2021-08-09;Female;49;Poland;The support servce was slow and unhelpful, I waited days for a response. The customer servce rep seemed uninterested and couldn't solve my issue. I had to call multiple times because the service team kept transferring me. I had to call multiple times because the service team kept transferring me. The customer servce rep seemed uninterested and couldn't solve my issue. The support servce was slow and unhelpful, I waited days for a response. The support servce was slow and unhelpful, I waited days for a response.
2022-03-04;Male;37;Austria;This machne's color is dull and makes it look cheap. I find the bulky design quite unattractive and it clashes with my decor. This machne's color is dull and makes it look cheap. I find the bulky design quite unattractive and it clashes with my decor. This machne's color is dull and makes it look cheap. I find the bulky design quite unattractive and it clashes with my decor. I find the bulky design quite unattractive and it clashes with my decor.
2020-12-02;Male;36;Austria;I guess the performance is average as it gets the job done without issues. I guess the performance is average as it gets the job done without issues. I guess the performance is average as it gets the job done without issues. It rinses fine but sometimes I still find detergent residue on my clotehs. It rinses fine but sometimes I still find detergent residue on my clotehs. I guess the performance is average as it gets the job done without issues. I guess the performance is average as it gets the job done without issues.
2022-12-15;Female;30;Switzerland;The support servce was slow and unhelpful, I waited days for a response. The customer servce rep seemed uninterested and couldn't solve my issue. The customer servce rep seemed uninterested and couldn't solve my issue. I had to call multiple times because the service team kept transferring me. The customer servce rep seemed uninterested and couldn't solve my issue. I had to call multiple times because the service team kept transferring me.
2023-12-08;Female;49;Germany;The cost doesn't match the quality, I expected more at this price. I regret paying such a high price when budget models perform similarly. The washer is too expensive for the features it offers, feels overpriced. The washer is too expensive for the features it offers, feels overpriced. The cost doesn't match the quality, I expected more at this price. The washer is too expensive for the features it offers, feels overpriced.
2023-01-31;Female;39;Germany;It handles large loads effortlessly while still delivering spotless results. It handles large loads effortlessly while still delivering spotless results. It handles large loads effortlessly while still delivering spotless results. The wash and spin cycles run smoothly with no vibration and clean clotehs thoroughly. The wash and spin cycles run smoothly with no vibration and clean clotehs thoroughly. The wash and spin cycles run smoothly with no vibration and clean clotehs thoroughly.
2025-03-27;Female;40;Germany;The price is standard but doesn't stand out as a bargain or a splurge. The price is standard but doesn't stand out as a bargain or a splurge. Cost-wise, this washer is neitehr cheap nor premium, it sits in the middle. The price is standard but doesn't stand out as a bargain or a splurge.
2023-04-06;Female;23;Austria;The delayed start option is super convenient for busy mornings. I really enjoy the quick wash feature for those last minute clothing emergencies. The eco mode saves so much water and energy, making laundry days more sustainable. The eco mode saves so much water and energy, making laundry days more sustainable.
2023-07-16;Female;28;Switzerland;The design feels outdated and does not appeal to me at all. The design feels outdated and does not appeal to me at all. This machne's color is dull and makes it look cheap. This machne's color is dull and makes it look cheap. This machne's color is dull and makes it look cheap. This machne's color is dull and makes it look cheap.
2019-10-04;Female;60;Austria;The eco mode saves so much water and energy, making laundry days more sustainable. The delayed start option is super convenient for busy mornings. I really enjoy the quick wash feature for those last minute clothing emergencies. The eco mode saves so much water and energy, making laundry days more sustainable. The delayed start option is super convenient for busy mornings.
2023-05-26;Female;37;Czech Republic;
2023-05-29;Male;30;Czech Republic;Considering the energy savings, the price point is quite attractive. Given its performance and reliability, the price is very reasonable and good value. I feel the cost is justified given the premium features included.
2025-03-20;Male;31;Germany;The eco mode saves so much water and energy, making laundry days more sustainable. The delayed start option is super convenient for busy mornings. The eco mode saves so much water and energy, making laundry days more sustainable. The delayed start option is super convenient for busy mornings.
2023-12-27;Female;36;Germany;The cycle often stops abruptly causing wet clotehs and frustrating delays in my schedule. The cycle often stops abruptly causing wet clotehs and frustrating delays in my schedule. The cycle often stops abruptly causing wet clotehs and frustrating delays in my schedule. It leaks water frequently, making the laundry area a mess every time I run it. The spin cycle is noisy and shakes violently, which is very concerning. The cycle often stops abruptly causing wet clotehs and frustrating delays in my schedule.
2022-08-19;Female;45;Germany;The absence of an app integration feature makes it inconvenient to control remotely. The absence of an app integration feature makes it inconvenient to control remotely. The absence of an app integration feature makes it inconvenient to control remotely. I wish it had a steam cycle fetura for better stain removal, it's a missed opportunity. I wish it had a steam cycle fetura for better stain removal, it's a missed opportunity. Missing the sanitize option is disappointing as I need it for baby clotehs.
2021-03-09;Female;62;Czech Republic;
2022-05-07;Female;69;Switzerland;I absolutely love the sleek design, it looks very modern and fits perfectly in my home. I absolutely love the sleek design, it looks very modern and fits perfectly in my home. I absolutely love the sleek design, it looks very modern and fits perfectly in my home. I absolutely love the sleek design, it looks very modern and fits perfectly in my home.
2021-09-26;Female;55;Germany;I find the delay timer feature adequate but not very intuitive. The cycle presets are okay but sometimes I have to manually tweak tehm. The temperature control feature is fine but could use more granular settings. I find the delay timer feature adequate but not very intuitive.
2020-12-06;Female;36;Czech Republic;The wash cycle works okay but nothing special to write home about. The wash cycle works okay but nothing special to write home about. I guess the performance is average as it gets the job done without issues. The wash cycle works okay but nothing special to write home about.
2023-12-02;Female;57;Czech Republic;The eco mode saves so much water and energy, making laundry days more sustainable. I really enjoy the quick wash feature for those last minute clothing emergencies. The eco mode saves so much water and energy, making laundry days more sustainable. The delayed start option is super convenient for busy mornings. I really enjoy the quick wash feature for those last minute clothing emergencies. I really enjoy the quick wash feature for those last minute clothing emergencies.
2021-02-17;Male;41;Switzerland;I find the delay timer feature adequate but not very intuitive. I find the delay timer feature adequate but not very intuitive. I find the delay timer feature adequate but not very intuitive. The cycle presets are okay but sometimes I have to manually tweak tehm. The cycle presets are okay but sometimes I have to manually tweak tehm.
2023-10-20;Female;50;Germany;
2021-01-23;Female;42;Austria;The temperature control feature is fine but could use more granular settings. I find the delay timer feature adequate but not very intuitive. I find the delay timer feature adequate but not very intuitive. The cycle presets are okay but sometimes I have to manually tweak tehm. The cycle presets are okay but sometimes I have to manually tweak tehm. The temperature control feature is fine but could use more granular settings.
2020-02-05;Female;27;Austria;This washer's stylish appearance has definitely elevated my laundry room's aestehtics. I absolutely love the sleek design, it looks very modern and fits perfectly in my home. This washer's stylish appearance has definitely elevated my laundry room's aestehtics. This washer's stylish appearance has definitely elevated my laundry room's aestehtics. I absolutely love the sleek design, it looks very modern and fits perfectly in my home. This washer's stylish appearance has definitely elevated my laundry room's aestehtics. I absolutely love the sleek design, it looks very modern and fits perfectly in my home.
2022-11-05;Male;45;Austria;The minimalist look is impressive and makes the appliance feel premium. I absolutely love the sleek design, it looks very modern and fits perfectly in my home. This washer's stylish appearance has definitely elevated my laundry room's aestehtics.
2021-10-12;Female;52;Czech Republic;
2021-07-09;Female;65;Austria;Given its performance and reliability, the price is very reasonable and good value. Considering the energy savings, the price point is quite attractive. I feel the cost is justified given the premium features included. I feel the cost is justified given the premium features included. Given its performance and reliability, the price is very reasonable and good value.
2022-03-26;Female;26;Poland;I wish it had a steam cycle fetura for better stain removal, it's a missed opportunity. Missing the sanitize option is disappointing as I need it for baby clotehs. The absence of an app integration feature makes it inconvenient to control remotely.
2020-12-24;Female;34;Switzerland;The price is standard but doesn't stand out as a bargain or a splurge. The price is standard but doesn't stand out as a bargain or a splurge. Cost-wise, this washer is neitehr cheap nor premium, it sits in the middle.
2021-03-15;Female;65;Germany;The delayed start option is super convenient for busy mornings. The delayed start option is super convenient for busy mornings. The delayed start option is super convenient for busy mornings. The delayed start option is super convenient for busy mornings. The eco mode saves so much water and energy, making laundry days more sustainable. The eco mode saves so much water and energy, making laundry days more sustainable. I really enjoy the quick wash feature for those last minute clothing emergencies.
2025-03-21;Female;42;Austria;Support team was adequate, neitehr exceptionally good nor bad. The customer servce was okay but took some time to get back to me. Support team was adequate, neitehr exceptionally good nor bad. Support team was adequate, neitehr exceptionally good nor bad. Support team was adequate, neitehr exceptionally good nor bad.
2020-12-23;Female;32;Germany;The support servce was slow and unhelpful, I waited days for a response. I had to call multiple times because the service team kept transferring me. I had to call multiple times because the service team kept transferring me. The customer servce rep seemed uninterested and couldn't solve my issue. The support servce was slow and unhelpful, I waited days for a response. The support servce was slow and unhelpful, I waited days for a response.
2020-05-03;Male;25;Czech Republic;It rinses fine but sometimes I still find detergent residue on my clotehs. I guess the performance is average as it gets the job done without issues. It rinses fine but sometimes I still find detergent residue on my clotehs. It rinses fine but sometimes I still find detergent residue on my clotehs. The wash cycle works okay but nothing special to write home about.
2021-04-20;Male;40;Germany;I had to call multiple times because the service team kept transferring me. The support servce was slow and unhelpful, I waited days for a response. I had to call multiple times because the service team kept transferring me.
2025-01-15;Male;59;Germany;
2019-05-14;Female;44;Switzerland;I find the bulky design quite unattractive and it clashes with my decor. I find the bulky design quite unattractive and it clashes with my decor. This machne's color is dull and makes it look cheap. The design feels outdated and does not appeal to me at all. I find the bulky design quite unattractive and it clashes with my decor.
2024-03-07;Male;39;Germany;Service response was average and lacked detailed explanations. Service response was average and lacked detailed explanations. Service response was average and lacked detailed explanations. The customer servce was okay but took some time to get back to me.
2025-03-04;Female;62;Germany;The wash cycle works okay but nothing special to write home about. It rinses fine but sometimes I still find detergent residue on my clotehs. I guess the performance is average as it gets the job done without issues. I guess the performance is average as it gets the job done without issues. It rinses fine but sometimes I still find detergent residue on my clotehs.
2023-09-17;Female;33;Germany;This machne's color is dull and makes it look cheap. I find the bulky design quite unattractive and it clashes with my decor. This machne's color is dull and makes it look cheap. This machne's color is dull and makes it look cheap. I find the bulky design quite unattractive and it clashes with my decor. The design feels outdated and does not appeal to me at all.
2020-06-12;Male;39;Switzerland;The eco mode saves so much water and energy, making laundry days more sustainable. The eco mode saves so much water and energy, making laundry days more sustainable. I really enjoy the quick wash feature for those last minute clothing emergencies.
2024-12-22;Female;64;Poland;
2020-10-30;Female;67;Switzerland;Given its performance and reliability, the price is very reasonable and good value. I feel the cost is justified given the premium features included. I feel the cost is justified given the premium features included. I feel the cost is justified given the premium features included. I feel the cost is justified given the premium features included. Given its performance and reliability, the price is very reasonable and good value. Given its performance and reliability, the price is very reasonable and good value.
2019-12-24;Female;44;Switzerland;The price seems average compared to otehr machines in the market. The price seems average compared to otehr machines in the market. The price seems average compared to otehr machines in the market. Cost-wise, this washer is neitehr cheap nor premium, it sits in the middle. The price is standard but doesn't stand out as a bargain or a splurge. The price is standard but doesn't stand out as a bargain or a splurge. The price seems average compared to otehr machines in the market.
2020-09-02;Male;37;Germany;It rinses fine but sometimes I still find detergent residue on my clotehs. It rinses fine but sometimes I still find detergent residue on my clotehs. I guess the performance is average as it gets the job done without issues. I guess the performance is average as it gets the job done without issues. I guess the performance is average as it gets the job done without issues. I guess the performance is average as it gets the job done without issues.
2022-03-31;Female;43;Germany;The support servce was slow and unhelpful, I waited days for a response. The support servce was slow and unhelpful, I waited days for a response. The support servce was slow and unhelpful, I waited days for a response. The support servce was slow and unhelpful, I waited days for a response. The support servce was slow and unhelpful, I waited days for a response. I had to call multiple times because the service team kept transferring me. The customer servce rep seemed uninterested and couldn't solve my issue.
2023-11-05;Female;65;Germany;I feel the cost is justified given the premium features included. Given its performance and reliability, the price is very reasonable and good value. Considering the energy savings, the price point is quite attractive. Considering the energy savings, the price point is quite attractive. Given its performance and reliability, the price is very reasonable and good value.
2024-04-03;Male;34;Austria;The customer servce was extremely responsive and resolved my issue within hours. The customer servce was extremely responsive and resolved my issue within hours. Service team was accommodating and provided clear instructions to fix the problem. The customer servce was extremely responsive and resolved my issue within hours. Service team was accommodating and provided clear instructions to fix the problem. I got a helpful reply from the support team quickly, very professional.
2021-03-07;Male;70;Austria;I find the bulky design quite unattractive and it clashes with my decor. The design feels outdated and does not appeal to me at all. This machne's color is dull and makes it look cheap. This machne's color is dull and makes it look cheap. This machne's color is dull and makes it look cheap. I find the bulky design quite unattractive and it clashes with my decor. I find the bulky design quite unattractive and it clashes with my decor.
2025-01-20;Female;57;Czech Republic;I absolutely love the sleek design, it looks very modern and fits perfectly in my home. I absolutely love the sleek design, it looks very modern and fits perfectly in my home. I absolutely love the sleek design, it looks very modern and fits perfectly in my home. I absolutely love the sleek design, it looks very modern and fits perfectly in my home.
2019-12-21;Male;43;Germany;Given its performance and reliability, the price is very reasonable and good value. Considering the energy savings, the price point is quite attractive. Considering the energy savings, the price point is quite attractive. I feel the cost is justified given the premium features included. Given its performance and reliability, the price is very reasonable and good value.
2022-01-31;Male;31;Czech Republic;I feel the cost is justified given the premium features included. Given its performance and reliability, the price is very reasonable and good value. I feel the cost is justified given the premium features included. Given its performance and reliability, the price is very reasonable and good value. I feel the cost is justified given the premium features included. Considering the energy savings, the price point is quite attractive.
2021-09-23;Female;39;Czech Republic;I absolutely love the sleek design, it looks very modern and fits perfectly in my home. I absolutely love the sleek design, it looks very modern and fits perfectly in my home. I absolutely love the sleek design, it looks very modern and fits perfectly in my home. The minimalist look is impressive and makes the appliance feel premium.
2024-05-29;Male;46;Germany;The minimalist look is impressive and makes the appliance feel premium. I absolutely love the sleek design, it looks very modern and fits perfectly in my home. I absolutely love the sleek design, it looks very modern and fits perfectly in my home. This washer's stylish appearance has definitely elevated my laundry room's aestehtics. I absolutely love the sleek design, it looks very modern and fits perfectly in my home.
2022-11-03;Female;31;Austria;I absolutely love the sleek design, it looks very modern and fits perfectly in my home. This washer's stylish appearance has definitely elevated my laundry room's aestehtics. I absolutely love the sleek design, it looks very modern and fits perfectly in my home. I absolutely love the sleek design, it looks very modern and fits perfectly in my home.
2019-12-05;Female;39;Austria;
2021-08-19;Female;27;Austria;Support team was adequate, neitehr exceptionally good nor bad. Support team was adequate, neitehr exceptionally good nor bad. Service response was average and lacked detailed explanations. The customer servce was okay but took some time to get back to me.
2020-07-11;Female;55;Austria;The delayed start option is super convenient for busy mornings. I really enjoy the quick wash feature for those last minute clothing emergencies. I really enjoy the quick wash feature for those last minute clothing emergencies. I really enjoy the quick wash feature for those last minute clothing emergencies. I really enjoy the quick wash feature for those last minute clothing emergencies. The eco mode saves so much water and energy, making laundry days more sustainable.
2023-04-06;Female;57;Germany;It leaks water frequently, making the laundry area a mess every time I run it. It leaks water frequently, making the laundry area a mess every time I run it. The cycle often stops abruptly causing wet clotehs and frustrating delays in my schedule. The cycle often stops abruptly causing wet clotehs and frustrating delays in my schedule. The spin cycle is noisy and shakes violently, which is very concerning. The spin cycle is noisy and shakes violently, which is very concerning.
2024-08-15;Female;25;Austria;The wash cycle works okay but nothing special to write home about. The wash cycle works okay but nothing special to write home about. The wash cycle works okay but nothing special to write home about. I guess the performance is average as it gets the job done without issues.
2022-07-27;Male;51;Switzerland;I find the delay timer feature adequate but not very intuitive. The cycle presets are okay but sometimes I have to manually tweak tehm. The temperature control feature is fine but could use more granular settings. The cycle presets are okay but sometimes I have to manually tweak tehm. The temperature control feature is fine but could use more granular settings.
2023-02-25;Female;59;Austria;
2023-02-07;Female;34;Switzerland;
2023-05-24;Female;64;Czech Republic;The customer servce rep seemed uninterested and couldn't solve my issue. The customer servce rep seemed uninterested and couldn't solve my issue. The support servce was slow and unhelpful, I waited days for a response. The support servce was slow and unhelpful, I waited days for a response. I had to call multiple times because the service team kept transferring me. I had to call multiple times because the service team kept transferring me. The support servce was slow and unhelpful, I waited days for a response.
2023-03-30;Male;36;Germany;Service response was average and lacked detailed explanations. The customer servce was okay but took some time to get back to me. Support team was adequate, neitehr exceptionally good nor bad. Service response was average and lacked detailed explanations.
2020-02-29;Female;41;Germany;This washer's stylish appearance has definitely elevated my laundry room's aestehtics. I absolutely love the sleek design, it looks very modern and fits perfectly in my home. I absolutely love the sleek design, it looks very modern and fits perfectly in my home.
2022-07-04;Female;51;Poland;Support team was adequate, neitehr exceptionally good nor bad. Service response was average and lacked detailed explanations. The customer servce was okay but took some time to get back to me. The customer servce was okay but took some time to get back to me. Support team was adequate, neitehr exceptionally good nor bad. Service response was average and lacked detailed explanations. The customer servce was okay but took some time to get back to me.
2023-01-01;Female;55;Austria;This washer's stylish appearance has definitely elevated my laundry room's aestehtics. The minimalist look is impressive and makes the appliance feel premium. I absolutely love the sleek design, it looks very modern and fits perfectly in my home. The minimalist look is impressive and makes the appliance feel premium. I absolutely love the sleek design, it looks very modern and fits perfectly in my home. The minimalist look is impressive and makes the appliance feel premium. This washer's stylish appearance has definitely elevated my laundry room's aestehtics.
2020-12-03;Male;37;Germany;The support servce was slow and unhelpful, I waited days for a response. The customer servce rep seemed uninterested and couldn't solve my issue. The support servce was slow and unhelpful, I waited days for a response. The support servce was slow and unhelpful, I waited days for a response. I had to call multiple times because the service team kept transferring me. The customer servce rep seemed uninterested and couldn't solve my issue.
2020-03-16;Female;44;Austria;The price seems average compared to otehr machines in the market. The price is standard but doesn't stand out as a bargain or a splurge. Cost-wise, this washer is neitehr cheap nor premium, it sits in the middle. The price seems average compared to otehr machines in the market. The price is standard but doesn't stand out as a bargain or a splurge.
2022-05-18;Female;66;Austria;The support servce was slow and unhelpful, I waited days for a response. The customer servce rep seemed uninterested and couldn't solve my issue. The support servce was slow and unhelpful, I waited days for a response.
2023-08-26;Male;50;Switzerland;Service response was average and lacked detailed explanations. The customer servce was okay but took some time to get back to me. Service response was average and lacked detailed explanations. Service response was average and lacked detailed explanations. The customer servce was okay but took some time to get back to me. The customer servce was okay but took some time to get back to me. Support team was adequate, neitehr exceptionally good nor bad.
2022-06-25;Male;45;Germany;The minimalist look is impressive and makes the appliance feel premium. The minimalist look is impressive and makes the appliance feel premium. This washer's stylish appearance has definitely elevated my laundry room's aestehtics. This washer's stylish appearance has definitely elevated my laundry room's aestehtics. This washer's stylish appearance has definitely elevated my laundry room's aestehtics. I absolutely love the sleek design, it looks very modern and fits perfectly in my home. This washer's stylish appearance has definitely elevated my laundry room's aestehtics.
2021-02-18;Male;34;Switzerland;The wash cycle works okay but nothing special to write home about. I guess the performance is average as it gets the job done without issues. It rinses fine but sometimes I still find detergent residue on my clotehs. I guess the performance is average as it gets the job done without issues. I guess the performance is average as it gets the job done without issues. I guess the performance is average as it gets the job done without issues. The wash cycle works okay but nothing special to write home about.
2020-08-27;Male;66;Poland;I regret paying such a high price when budget models perform similarly. The cost doesn't match the quality, I expected more at this price. The cost doesn't match the quality, I expected more at this price. I regret paying such a high price when budget models perform similarly. The washer is too expensive for the features it offers, feels overpriced.
2022-12-26;Female;42;Poland;It rinses fine but sometimes I still find detergent residue on my clotehs. The wash cycle works okay but nothing special to write home about. The wash cycle works okay but nothing special to write home about. I guess the performance is average as it gets the job done without issues. I guess the performance is average as it gets the job done without issues. The wash cycle works okay but nothing special to write home about. I guess the performance is average as it gets the job done without issues.
2025-04-15;Female;54;Austria;I feel the cost is justified given the premium features included. Considering the energy savings, the price point is quite attractive. Considering the energy savings, the price point is quite attractive.
2021-03-25;Female;41;Switzerland;The wash cycle works okay but nothing special to write home about. I guess the performance is average as it gets the job done without issues. It rinses fine but sometimes I still find detergent residue on my clotehs. It rinses fine but sometimes I still find detergent residue on my clotehs.
2024-01-08;Female;26;Germany;Considering the energy savings, the price point is quite attractive. I feel the cost is justified given the premium features included. I feel the cost is justified given the premium features included. Considering the energy savings, the price point is quite attractive. Given its performance and reliability, the price is very reasonable and good value. Given its performance and reliability, the price is very reasonable and good value. Considering the energy savings, the price point is quite attractive.
2019-07-06;Female;41;Germany;The wash and spin cycles run smoothly with no vibration and clean clotehs thoroughly. I appreciate how quietly this machne operates during a full load. It handles large loads effortlessly while still delivering spotless results. It handles large loads effortlessly while still delivering spotless results. I appreciate how quietly this machne operates during a full load. The wash and spin cycles run smoothly with no vibration and clean clotehs thoroughly.
2022-08-20;Male;38;Germany;Considering the energy savings, the price point is quite attractive. Given its performance and reliability, the price is very reasonable and good value. I feel the cost is justified given the premium features included. Considering the energy savings, the price point is quite attractive. I feel the cost is justified given the premium features included. Given its performance and reliability, the price is very reasonable and good value. Given its performance and reliability, the price is very reasonable and good value.
2023-11-18;Male;31;Germany;The support servce was slow and unhelpful, I waited days for a response. The customer servce rep seemed uninterested and couldn't solve my issue. I had to call multiple times because the service team kept transferring me. I had to call multiple times because the service team kept transferring me. The customer servce rep seemed uninterested and couldn't solve my issue. The customer servce rep seemed uninterested and couldn't solve my issue.
2020-11-27;Female;40;Switzerland;I find the delay timer feature adequate but not very intuitive. I find the delay timer feature adequate but not very intuitive. The cycle presets are okay but sometimes I have to manually tweak tehm. The temperature control feature is fine but could use more granular settings. The cycle presets are okay but sometimes I have to manually tweak tehm.
2022-05-21;Male;37;Switzerland;Service team was accommodating and provided clear instructions to fix the problem. I got a helpful reply from the support team quickly, very professional. I got a helpful reply from the support team quickly, very professional. I got a helpful reply from the support team quickly, very professional. Service team was accommodating and provided clear instructions to fix the problem.
2022-12-29;Male;21;Germany;Considering the energy savings, the price point is quite attractive. Considering the energy savings, the price point is quite attractive. Considering the energy savings, the price point is quite attractive. Considering the energy savings, the price point is quite attractive. I feel the cost is justified given the premium features included. I feel the cost is justified given the premium features included.
2024-12-08;Female;44;Poland;Given its performance and reliability, the price is very reasonable and good value. I feel the cost is justified given the premium features included. I feel the cost is justified given the premium features included. Given its performance and reliability, the price is very reasonable and good value. Given its performance and reliability, the price is very reasonable and good value. Given its performance and reliability, the price is very reasonable and good value.
2023-01-18;Female;60;Switzerland;I appreciate how quietly this machne operates during a full load. I appreciate how quietly this machne operates during a full load. It handles large loads effortlessly while still delivering spotless results. The wash and spin cycles run smoothly with no vibration and clean clotehs thoroughly. I appreciate how quietly this machne operates during a full load. The wash and spin cycles run smoothly with no vibration and clean clotehs thoroughly. The wash and spin cycles run smoothly with no vibration and clean clotehs thoroughly.
2019-05-09;Female;65;Austria;I appreciate how quietly this machne operates during a full load. The wash and spin cycles run smoothly with no vibration and clean clotehs thoroughly. It handles large loads effortlessly while still delivering spotless results. The wash and spin cycles run smoothly with no vibration and clean clotehs thoroughly.
2024-01-14;Female;47;Germany;I really enjoy the quick wash feature for those last minute clothing emergencies. The delayed start option is super convenient for busy mornings. The eco mode saves so much water and energy, making laundry days more sustainable. The delayed start option is super convenient for busy mornings. The eco mode saves so much water and energy, making laundry days more sustainable. The delayed start option is super convenient for busy mornings. The eco mode saves so much water and energy, making laundry days more sustainable.
2021-12-04;Female;38;Switzerland;This machne's color is dull and makes it look cheap. This machne's color is dull and makes it look cheap. I find the bulky design quite unattractive and it clashes with my decor. The design feels outdated and does not appeal to me at all. This machne's color is dull and makes it look cheap.
2021-12-09;Female;30;Germany;The eco mode saves so much water and energy, making laundry days more sustainable. I really enjoy the quick wash feature for those last minute clothing emergencies. The eco mode saves so much water and energy, making laundry days more sustainable. The eco mode saves so much water and energy, making laundry days more sustainable. The delayed start option is super convenient for busy mornings.
2022-08-14;Female;53;Germany;The wash cycle works okay but nothing special to write home about. I guess the performance is average as it gets the job done without issues. The wash cycle works okay but nothing special to write home about. I guess the performance is average as it gets the job done without issues. The wash cycle works okay but nothing special to write home about.
2024-06-13;Male;41;Switzerland;The delayed start option is super convenient for busy mornings. The delayed start option is super convenient for busy mornings. The eco mode saves so much water and energy, making laundry days more sustainable. The delayed start option is super convenient for busy mornings. The delayed start option is super convenient for busy mornings. I really enjoy the quick wash feature for those last minute clothing emergencies.
2023-09-05;Female;32;Germany;
2025-02-09;Male;64;Czech Republic;
2021-10-27;Male;40;Austria;This machne's color is dull and makes it look cheap. This machne's color is dull and makes it look cheap. I find the bulky design quite unattractive and it clashes with my decor.
2019-06-30;Male;49;Germany;The cycle presets are okay but sometimes I have to manually tweak tehm. The cycle presets are okay but sometimes I have to manually tweak tehm. I find the delay timer feature adequate but not very intuitive. The temperature control feature is fine but could use more granular settings. The temperature control feature is fine but could use more granular settings. The temperature control feature is fine but could use more granular settings. The cycle presets are okay but sometimes I have to manually tweak tehm.
2022-07-29;Female;55;Poland;The design feels outdated and does not appeal to me at all. The design feels outdated and does not appeal to me at all. I find the bulky design quite unattractive and it clashes with my decor. This machne's color is dull and makes it look cheap. I find the bulky design quite unattractive and it clashes with my decor.
2022-12-20;Male;49;Germany;I had to call multiple times because the service team kept transferring me. I had to call multiple times because the service team kept transferring me. The support servce was slow and unhelpful, I waited days for a response. I had to call multiple times because the service team kept transferring me.
2023-07-28;Male;35;Austria;The cost doesn't match the quality, I expected more at this price. The cost doesn't match the quality, I expected more at this price. I regret paying such a high price when budget models perform similarly.
2025-02-28;Male;53;Austria;
2023-11-03;Female;55;Germany;The spin cycle is noisy and shakes violently, which is very concerning. The cycle often stops abruptly causing wet clotehs and frustrating delays in my schedule. The spin cycle is noisy and shakes violently, which is very concerning.
2019-11-08;Female;61;Austria;I regret paying such a high price when budget models perform similarly. I regret paying such a high price when budget models perform similarly. The washer is too expensive for the features it offers, feels overpriced. The washer is too expensive for the features it offers, feels overpriced. I regret paying such a high price when budget models perform similarly.
2020-09-05;Female;43;Switzerland;I got a helpful reply from the support team quickly, very professional. Service team was accommodating and provided clear instructions to fix the problem. I got a helpful reply from the support team quickly, very professional. Service team was accommodating and provided clear instructions to fix the problem. Service team was accommodating and provided clear instructions to fix the problem. The customer servce was extremely responsive and resolved my issue within hours. Service team was accommodating and provided clear instructions to fix the problem.
2025-02-13;Female;58;Germany;The price is standard but doesn't stand out as a bargain or a splurge. Cost-wise, this washer is neitehr cheap nor premium, it sits in the middle. The price is standard but doesn't stand out as a bargain or a splurge. The price seems average compared to otehr machines in the market. The price is standard but doesn't stand out as a bargain or a splurge.
2023-05-04;Female;36;Germany;The design feels outdated and does not appeal to me at all. The design feels outdated and does not appeal to me at all. I find the bulky design quite unattractive and it clashes with my decor.
2021-06-11;Female;38;Germany;I find the delay timer feature adequate but not very intuitive. I find the delay timer feature adequate but not very intuitive. The cycle presets are okay but sometimes I have to manually tweak tehm. The cycle presets are okay but sometimes I have to manually tweak tehm. The temperature control feature is fine but could use more granular settings. I find the delay timer feature adequate but not very intuitive.
2020-07-01;Male;37;Germany;This machne's color is dull and makes it look cheap. The design feels outdated and does not appeal to me at all. This machne's color is dull and makes it look cheap. The design feels outdated and does not appeal to me at all. This machne's color is dull and makes it look cheap. The design feels outdated and does not appeal to me at all. The design feels outdated and does not appeal to me at all.
2022-02-06;Male;45;Austria;I got a helpful reply from the support team quickly, very professional. Service team was accommodating and provided clear instructions to fix the problem. The customer servce was extremely responsive and resolved my issue within hours. I got a helpful reply from the support team quickly, very professional. The customer servce was extremely responsive and resolved my issue within hours. The customer servce was extremely responsive and resolved my issue within hours.
2024-06-29;Male;48;Austria;
2024-07-25;Male;46;Switzerland;The design feels outdated and does not appeal to me at all. The design feels outdated and does not appeal to me at all. This machne's color is dull and makes it look cheap. This machne's color is dull and makes it look cheap.
2022-07-24;Male;51;Austria;I find the delay timer feature adequate but not very intuitive. I find the delay timer feature adequate but not very intuitive. I find the delay timer feature adequate but not very intuitive. The temperature control feature is fine but could use more granular settings. The cycle presets are okay but sometimes I have to manually tweak tehm. The cycle presets are okay but sometimes I have to manually tweak tehm. The cycle presets are okay but sometimes I have to manually tweak tehm.
2022-07-27;Female;62;Switzerland;
2025-02-05;Male;49;Austria;The support servce was slow and unhelpful, I waited days for a response. The customer servce rep seemed uninterested and couldn't solve my issue. The customer servce rep seemed uninterested and couldn't solve my issue. The support servce was slow and unhelpful, I waited days for a response. The support servce was slow and unhelpful, I waited days for a response. The customer servce rep seemed uninterested and couldn't solve my issue.
2021-05-17;Female;49;Switzerland;I feel the cost is justified given the premium features included. I feel the cost is justified given the premium features included. Given its performance and reliability, the price is very reasonable and good value. I feel the cost is justified given the premium features included. Considering the energy savings, the price point is quite attractive. Given its performance and reliability, the price is very reasonable and good value.
2020-02-02;Female;38;Austria;It leaks water frequently, making the laundry area a mess every time I run it. The spin cycle is noisy and shakes violently, which is very concerning. The cycle often stops abruptly causing wet clotehs and frustrating delays in my schedule. The cycle often stops abruptly causing wet clotehs and frustrating delays in my schedule. The cycle often stops abruptly causing wet clotehs and frustrating delays in my schedule. The spin cycle is noisy and shakes violently, which is very concerning.
2024-06-10;Male;53;Czech Republic;I had to call multiple times because the service team kept transferring me. The support servce was slow and unhelpful, I waited days for a response. The support servce was slow and unhelpful, I waited days for a response.
2022-09-30;Female;35;Czech Republic;The eco mode saves so much water and energy, making laundry days more sustainable. The delayed start option is super convenient for busy mornings. The delayed start option is super convenient for busy mornings. The eco mode saves so much water and energy, making laundry days more sustainable. The eco mode saves so much water and energy, making laundry days more sustainable.
2024-04-25;Female;29;Czech Republic;The customer servce was extremely responsive and resolved my issue within hours. The customer servce was extremely responsive and resolved my issue within hours. Service team was accommodating and provided clear instructions to fix the problem. The customer servce was extremely responsive and resolved my issue within hours. Service team was accommodating and provided clear instructions to fix the problem. The customer servce was extremely responsive and resolved my issue within hours. Service team was accommodating and provided clear instructions to fix the problem.
2020-11-20;Male;25;Germany;The washer is too expensive for the features it offers, feels overpriced. I regret paying such a high price when budget models perform similarly. The washer is too expensive for the features it offers, feels overpriced. The cost doesn't match the quality, I expected more at this price. The washer is too expensive for the features it offers, feels overpriced.
2020-04-11;Female;45;Czech Republic;The cycle often stops abruptly causing wet clotehs and frustrating delays in my schedule. It leaks water frequently, making the laundry area a mess every time I run it. The spin cycle is noisy and shakes violently, which is very concerning. It leaks water frequently, making the laundry area a mess every time I run it. The spin cycle is noisy and shakes violently, which is very concerning. The cycle often stops abruptly causing wet clotehs and frustrating delays in my schedule. It leaks water frequently, making the laundry area a mess every time I run it.
2024-12-19;Male;42;Austria;It leaks water frequently, making the laundry area a mess every time I run it. The spin cycle is noisy and shakes violently, which is very concerning. The cycle often stops abruptly causing wet clotehs and frustrating delays in my schedule.
2019-07-29;Female;65;Austria;I find the delay timer feature adequate but not very intuitive. I find the delay timer feature adequate but not very intuitive. The cycle presets are okay but sometimes I have to manually tweak tehm. I find the delay timer feature adequate but not very intuitive. I find the delay timer feature adequate but not very intuitive. The cycle presets are okay but sometimes I have to manually tweak tehm.
2022-01-23;Male;54;Germany;This machne's color is dull and makes it look cheap. This machne's color is dull and makes it look cheap. This machne's color is dull and makes it look cheap. I find the bulky design quite unattractive and it clashes with my decor. The design feels outdated and does not appeal to me at all. This machne's color is dull and makes it look cheap. This machne's color is dull and makes it look cheap.
2020-10-23;Female;63;Germany;I got a helpful reply from the support team quickly, very professional. The customer servce was extremely responsive and resolved my issue within hours. The customer servce was extremely responsive and resolved my issue within hours. The customer servce was extremely responsive and resolved my issue within hours. The customer servce was extremely responsive and resolved my issue within hours.
2020-07-15;Female;53;Czech Republic;Missing the sanitize option is disappointing as I need it for baby clotehs. Missing the sanitize option is disappointing as I need it for baby clotehs. I wish it had a steam cycle fetura for better stain removal, it's a missed opportunity. Missing the sanitize option is disappointing as I need it for baby clotehs. Missing the sanitize option is disappointing as I need it for baby clotehs. The absence of an app integration feature makes it inconvenient to control remotely.
2024-05-04;Male;48;Austria;I absolutely love the sleek design, it looks very modern and fits perfectly in my home. I absolutely love the sleek design, it looks very modern and fits perfectly in my home. The minimalist look is impressive and makes the appliance feel premium.
2022-03-28;Female;63;Czech Republic;The price is standard but doesn't stand out as a bargain or a splurge. The price is standard but doesn't stand out as a bargain or a splurge. The price seems average compared to otehr machines in the market. The price is standard but doesn't stand out as a bargain or a splurge. Cost-wise, this washer is neitehr cheap nor premium, it sits in the middle.
2024-10-23;Female;27;Czech Republic;It leaks water frequently, making the laundry area a mess every time I run it. It leaks water frequently, making the laundry area a mess every time I run it. The cycle often stops abruptly causing wet clotehs and frustrating delays in my schedule. The cycle often stops abruptly causing wet clotehs and frustrating delays in my schedule. The cycle often stops abruptly causing wet clotehs and frustrating delays in my schedule.
2020-02-23;Female;41;Austria;This machne's color is dull and makes it look cheap. I find the bulky design quite unattractive and it clashes with my decor. I find the bulky design quite unattractive and it clashes with my decor. I find the bulky design quite unattractive and it clashes with my decor. This machne's color is dull and makes it look cheap. This machne's color is dull and makes it look cheap.
2019-06-22;Male;23;Czech Republic;It handles large loads effortlessly while still delivering spotless results. I appreciate how quietly this machne operates during a full load. It handles large loads effortlessly while still delivering spotless results. The wash and spin cycles run smoothly with no vibration and clean clotehs thoroughly. The wash and spin cycles run smoothly with no vibration and clean clotehs thoroughly. The wash and spin cycles run smoothly with no vibration and clean clotehs thoroughly.
2025-01-19;Male;36;Austria;The customer servce was extremely responsive and resolved my issue within hours. Service team was accommodating and provided clear instructions to fix the problem. I got a helpful reply from the support team quickly, very professional. I got a helpful reply from the support team quickly, very professional. I got a helpful reply from the support team quickly, very professional.
2023-07-13;Male;63;Poland;I find the bulky design quite unattractive and it clashes with my decor. The design feels outdated and does not appeal to me at all. The design feels outdated and does not appeal to me at all.
2025-01-05;Female;31;Switzerland;I guess the performance is average as it gets the job done without issues. It rinses fine but sometimes I still find detergent residue on my clotehs. It rinses fine but sometimes I still find detergent residue on my clotehs.
2019-10-05;Male;34;Germany;The eco mode saves so much water and energy, making laundry days more sustainable. The delayed start option is super convenient for busy mornings. The eco mode saves so much water and energy, making laundry days more sustainable. The eco mode saves so much water and energy, making laundry days more sustainable. I really enjoy the quick wash feature for those last minute clothing emergencies. I really enjoy the quick wash feature for those last minute clothing emergencies. The delayed start option is super convenient for busy mornings.
2020-08-04;Female;50;Germany;I find the bulky design quite unattractive and it clashes with my decor. This machne's color is dull and makes it look cheap. The design feels outdated and does not appeal to me at all. I find the bulky design quite unattractive and it clashes with my decor. This machne's color is dull and makes it look cheap. The design feels outdated and does not appeal to me at all.
2024-05-07;Female;39;Poland;I appreciate how quietly this machne operates during a full load. It handles large loads effortlessly while still delivering spotless results. It handles large loads effortlessly while still delivering spotless results. I appreciate how quietly this machne operates during a full load. I appreciate how quietly this machne operates during a full load. It handles large loads effortlessly while still delivering spotless results. It handles large loads effortlessly while still delivering spotless results.
2023-09-06;Male;30;Germany;I find the delay timer feature adequate but not very intuitive. I find the delay timer feature adequate but not very intuitive. I find the delay timer feature adequate but not very intuitive. I find the delay timer feature adequate but not very intuitive.
2023-03-03;Female;31;Czech Republic;The design feels outdated and does not appeal to me at all. This machne's color is dull and makes it look cheap. I find the bulky design quite unattractive and it clashes with my decor.
2021-10-08;Female;44;Germany;It handles large loads effortlessly while still delivering spotless results. I appreciate how quietly this machne operates during a full load. I appreciate how quietly this machne operates during a full load. It handles large loads effortlessly while still delivering spotless results.
2023-10-29;Male;58;Germany;I wish it had a steam cycle fetura for better stain removal, it's a missed opportunity. I wish it had a steam cycle fetura for better stain removal, it's a missed opportunity. I wish it had a steam cycle fetura for better stain removal, it's a missed opportunity.
2021-09-17;Male;30;Switzerland;It leaks water frequently, making the laundry area a mess every time I run it. The spin cycle is noisy and shakes violently, which is very concerning. The spin cycle is noisy and shakes violently, which is very concerning.
2020-05-08;Female;70;Austria;The minimalist look is impressive and makes the appliance feel premium. I absolutely love the sleek design, it looks very modern and fits perfectly in my home. The minimalist look is impressive and makes the appliance feel premium. This washer's stylish appearance has definitely elevated my laundry room's aestehtics.
2022-09-19;Female;45;Austria;The price seems average compared to otehr machines in the market. Cost-wise, this washer is neitehr cheap nor premium, it sits in the middle. The price is standard but doesn't stand out as a bargain or a splurge. Cost-wise, this washer is neitehr cheap nor premium, it sits in the middle.
2023-07-04;Female;34;Poland;It leaks water frequently, making the laundry area a mess every time I run it. The spin cycle is noisy and shakes violently, which is very concerning. The spin cycle is noisy and shakes violently, which is very concerning. The cycle often stops abruptly causing wet clotehs and frustrating delays in my schedule. The spin cycle is noisy and shakes violently, which is very concerning.
2024-02-09;Female;28;Poland;This washer's stylish appearance has definitely elevated my laundry room's aestehtics. This washer's stylish appearance has definitely elevated my laundry room's aestehtics. I absolutely love the sleek design, it looks very modern and fits perfectly in my home. The minimalist look is impressive and makes the appliance feel premium.
2022-03-03;Female;24;Czech Republic;The cycle often stops abruptly causing wet clotehs and frustrating delays in my schedule. The spin cycle is noisy and shakes violently, which is very concerning. The spin cycle is noisy and shakes violently, which is very concerning. The cycle often stops abruptly causing wet clotehs and frustrating delays in my schedule. It leaks water frequently, making the laundry area a mess every time I run it. The cycle often stops abruptly causing wet clotehs and frustrating delays in my schedule.
2021-04-11;Female;68;Austria;I guess the performance is average as it gets the job done without issues. I guess the performance is average as it gets the job done without issues. It rinses fine but sometimes I still find detergent residue on my clotehs. It rinses fine but sometimes I still find detergent residue on my clotehs. It rinses fine but sometimes I still find detergent residue on my clotehs. It rinses fine but sometimes I still find detergent residue on my clotehs.
2019-05-02;Male;46;Germany;The washer is too expensive for the features it offers, feels overpriced. I regret paying such a high price when budget models perform similarly. I regret paying such a high price when budget models perform similarly. I regret paying such a high price when budget models perform similarly. The washer is too expensive for the features it offers, feels overpriced.
2021-10-26;Female;43;Austria;The wash and spin cycles run smoothly with no vibration and clean clotehs thoroughly. It handles large loads effortlessly while still delivering spotless results. It handles large loads effortlessly while still delivering spotless results. I appreciate how quietly this machne operates during a full load. I appreciate how quietly this machne operates during a full load. The wash and spin cycles run smoothly with no vibration and clean clotehs thoroughly.
2019-12-11;Female;48;Poland;The wash cycle works okay but nothing special to write home about. The wash cycle works okay but nothing special to write home about. The wash cycle works okay but nothing special to write home about. The wash cycle works okay but nothing special to write home about.
2023-04-13;Female;57;Austria;This washer's stylish appearance has definitely elevated my laundry room's aestehtics. This washer's stylish appearance has definitely elevated my laundry room's aestehtics. The minimalist look is impressive and makes the appliance feel premium.
2019-12-28;Male;56;Poland;The cost doesn't match the quality, I expected more at this price. The cost doesn't match the quality, I expected more at this price. The washer is too expensive for the features it offers, feels overpriced.
2020-11-15;Female;39;Switzerland;
2023-05-17;Male;32;Switzerland;The wash and spin cycles run smoothly with no vibration and clean clotehs thoroughly. It handles large loads effortlessly while still delivering spotless results. It handles large loads effortlessly while still delivering spotless results. The wash and spin cycles run smoothly with no vibration and clean clotehs thoroughly. The wash and spin cycles run smoothly with no vibration and clean clotehs thoroughly. The wash and spin cycles run smoothly with no vibration and clean clotehs thoroughly.
2020-02-20;Female;66;Czech Republic;I regret paying such a high price when budget models perform similarly. The cost doesn't match the quality, I expected more at this price. The cost doesn't match the quality, I expected more at this price. I regret paying such a high price when budget models perform similarly. The cost doesn't match the quality, I expected more at this price. The washer is too expensive for the features it offers, feels overpriced.
2021-08-22;Female;62;Germany;I got a helpful reply from the support team quickly, very professional. Service team was accommodating and provided clear instructions to fix the problem. The customer servce was extremely responsive and resolved my issue within hours. Service team was accommodating and provided clear instructions to fix the problem. Service team was accommodating and provided clear instructions to fix the problem.
2020-12-08;Male;68;Austria;The minimalist look is impressive and makes the appliance feel premium. The minimalist look is impressive and makes the appliance feel premium. The minimalist look is impressive and makes the appliance feel premium. This washer's stylish appearance has definitely elevated my laundry room's aestehtics. The minimalist look is impressive and makes the appliance feel premium.
2023-12-17;Female;42;Poland;The eco mode saves so much water and energy, making laundry days more sustainable. The delayed start option is super convenient for busy mornings. The eco mode saves so much water and energy, making laundry days more sustainable.
2019-09-05;Female;29;Germany;It leaks water frequently, making the laundry area a mess every time I run it. It leaks water frequently, making the laundry area a mess every time I run it. The spin cycle is noisy and shakes violently, which is very concerning. The cycle often stops abruptly causing wet clotehs and frustrating delays in my schedule.
2024-10-03;Male;47;Germany;I find the delay timer feature adequate but not very intuitive. I find the delay timer feature adequate but not very intuitive. I find the delay timer feature adequate but not very intuitive. The temperature control feature is fine but could use more granular settings.
2022-04-19;Female;26;Germany;I absolutely love the sleek design, it looks very modern and fits perfectly in my home. This washer's stylish appearance has definitely elevated my laundry room's aestehtics. I absolutely love the sleek design, it looks very modern and fits perfectly in my home. I absolutely love the sleek design, it looks very modern and fits perfectly in my home. The minimalist look is impressive and makes the appliance feel premium.
2021-04-29;Female;40;Germany;I really enjoy the quick wash feature for those last minute clothing emergencies. The delayed start option is super convenient for busy mornings. The eco mode saves so much water and energy, making laundry days more sustainable.
2021-11-14;Female;49;Germany;This machne's color is dull and makes it look cheap. The design feels outdated and does not appeal to me at all. This machne's color is dull and makes it look cheap. I find the bulky design quite unattractive and it clashes with my decor. I find the bulky design quite unattractive and it clashes with my decor. The design feels outdated and does not appeal to me at all.
2023-07-06;Female;41;Germany;Service response was average and lacked detailed explanations. The customer servce was okay but took some time to get back to me. Support team was adequate, neitehr exceptionally good nor bad. Service response was average and lacked detailed explanations. Service response was average and lacked detailed explanations. Service response was average and lacked detailed explanations.
2020-12-10;Female;31;Switzerland;This machne's color is dull and makes it look cheap. This machne's color is dull and makes it look cheap. This machne's color is dull and makes it look cheap. The design feels outdated and does not appeal to me at all. The design feels outdated and does not appeal to me at all. The design feels outdated and does not appeal to me at all.
2022-04-01;Female;44;Czech Republic;It handles large loads effortlessly while still delivering spotless results. It handles large loads effortlessly while still delivering spotless results. I appreciate how quietly this machne operates during a full load.
2024-09-18;Female;56;Switzerland;I guess the performance is average as it gets the job done without issues. It rinses fine but sometimes I still find detergent residue on my clotehs. It rinses fine but sometimes I still find detergent residue on my clotehs. I guess the performance is average as it gets the job done without issues. I guess the performance is average as it gets the job done without issues. The wash cycle works okay but nothing special to write home about. It rinses fine but sometimes I still find detergent residue on my clotehs.
2024-06-28;Male;58;Germany;I find the delay timer feature adequate but not very intuitive. The temperature control feature is fine but could use more granular settings. The temperature control feature is fine but could use more granular settings. The cycle presets are okay but sometimes I have to manually tweak tehm. I find the delay timer feature adequate but not very intuitive. The cycle presets are okay but sometimes I have to manually tweak tehm.
2024-06-01;Female;45;Switzerland;I regret paying such a high price when budget models perform similarly. The cost doesn't match the quality, I expected more at this price. The cost doesn't match the quality, I expected more at this price. I regret paying such a high price when budget models perform similarly. The cost doesn't match the quality, I expected more at this price. I regret paying such a high price when budget models perform similarly. I regret paying such a high price when budget models perform similarly.
2022-08-21;Female;28;Switzerland;I find the bulky design quite unattractive and it clashes with my decor. This machne's color is dull and makes it look cheap. This machne's color is dull and makes it look cheap. I find the bulky design quite unattractive and it clashes with my decor.
2024-11-14;Female;26;Switzerland;I find the delay timer feature adequate but not very intuitive. The temperature control feature is fine but could use more granular settings. The cycle presets are okay but sometimes I have to manually tweak tehm. The temperature control feature is fine but could use more granular settings. The cycle presets are okay but sometimes I have to manually tweak tehm. The cycle presets are okay but sometimes I have to manually tweak tehm. I find the delay timer feature adequate but not very intuitive.
2024-12-22;Female;38;Czech Republic;The design feels outdated and does not appeal to me at all. I find the bulky design quite unattractive and it clashes with my decor. I find the bulky design quite unattractive and it clashes with my decor. This machne's color is dull and makes it look cheap.
2019-09-28;Female;32;Czech Republic;This machne's color is dull and makes it look cheap. The design feels outdated and does not appeal to me at all. This machne's color is dull and makes it look cheap. The design feels outdated and does not appeal to me at all. This machne's color is dull and makes it look cheap. The design feels outdated and does not appeal to me at all.
2020-02-16;Female;62;Czech Republic;The absence of an app integration feature makes it inconvenient to control remotely. Missing the sanitize option is disappointing as I need it for baby clotehs. Missing the sanitize option is disappointing as I need it for baby clotehs. The absence of an app integration feature makes it inconvenient to control remotely. I wish it had a steam cycle fetura for better stain removal, it's a missed opportunity.
2021-03-06;Male;25;Austria;I had to call multiple times because the service team kept transferring me. The support servce was slow and unhelpful, I waited days for a response. I had to call multiple times because the service team kept transferring me.
2022-03-08;Male;40;Czech Republic;Given its performance and reliability, the price is very reasonable and good value. Given its performance and reliability, the price is very reasonable and good value. Considering the energy savings, the price point is quite attractive. Considering the energy savings, the price point is quite attractive.
2024-01-15;Female;63;Czech Republic;Service team was accommodating and provided clear instructions to fix the problem. The customer servce was extremely responsive and resolved my issue within hours. The customer servce was extremely responsive and resolved my issue within hours. I got a helpful reply from the support team quickly, very professional. The customer servce was extremely responsive and resolved my issue within hours. Service team was accommodating and provided clear instructions to fix the problem. The customer servce was extremely responsive and resolved my issue within hours.
2024-09-07;Female;59;Germany;The support servce was slow and unhelpful, I waited days for a response. I had to call multiple times because the service team kept transferring me. The support servce was slow and unhelpful, I waited days for a response. The customer servce rep seemed uninterested and couldn't solve my issue. I had to call multiple times because the service team kept transferring me. The support servce was slow and unhelpful, I waited days for a response. I had to call multiple times because the service team kept transferring me.
2025-01-01;Male;60;Germany;I absolutely love the sleek design, it looks very modern and fits perfectly in my home. This washer's stylish appearance has definitely elevated my laundry room's aestehtics. This washer's stylish appearance has definitely elevated my laundry room's aestehtics. The minimalist look is impressive and makes the appliance feel premium. I absolutely love the sleek design, it looks very modern and fits perfectly in my home.
2024-06-21;Male;26;Switzerland;The eco mode saves so much water and energy, making laundry days more sustainable. I really enjoy the quick wash feature for those last minute clothing emergencies. I really enjoy the quick wash feature for those last minute clothing emergencies. I really enjoy the quick wash feature for those last minute clothing emergencies. I really enjoy the quick wash feature for those last minute clothing emergencies. I really enjoy the quick wash feature for those last minute clothing emergencies.
2021-03-21;Female;39;Austria;The cycle often stops abruptly causing wet clotehs and frustrating delays in my schedule. The cycle often stops abruptly causing wet clotehs and frustrating delays in my schedule. The spin cycle is noisy and shakes violently, which is very concerning. The cycle often stops abruptly causing wet clotehs and frustrating delays in my schedule. It leaks water frequently, making the laundry area a mess every time I run it.
2022-04-24;Female;50;Austria;
2023-07-08;Female;43;Germany;I find the delay timer feature adequate but not very intuitive. I find the delay timer feature adequate but not very intuitive. I find the delay timer feature adequate but not very intuitive.
2022-11-25;Female;28;Germany;The minimalist look is impressive and makes the appliance feel premium. This washer's stylish appearance has definitely elevated my laundry room's aestehtics. I absolutely love the sleek design, it looks very modern and fits perfectly in my home. The minimalist look is impressive and makes the appliance feel premium. I absolutely love the sleek design, it looks very modern and fits perfectly in my home. I absolutely love the sleek design, it looks very modern and fits perfectly in my home. The minimalist look is impressive and makes the appliance feel premium.
2020-08-08;Male;57;Austria;I got a helpful reply from the support team quickly, very professional. I got a helpful reply from the support team quickly, very professional. Service team was accommodating and provided clear instructions to fix the problem. Service team was accommodating and provided clear instructions to fix the problem.
2024-08-10;Female;46;Switzerland;This washer's stylish appearance has definitely elevated my laundry room's aestehtics. This washer's stylish appearance has definitely elevated my laundry room's aestehtics. This washer's stylish appearance has definitely elevated my laundry room's aestehtics.
2020-09-28;Male;38;Germany;The spin cycle is noisy and shakes violently, which is very concerning. The spin cycle is noisy and shakes violently, which is very concerning. The cycle often stops abruptly causing wet clotehs and frustrating delays in my schedule.
2025-02-22;Male;29;Germany;It handles large loads effortlessly while still delivering spotless results. It handles large loads effortlessly while still delivering spotless results. I appreciate how quietly this machne operates during a full load. The wash and spin cycles run smoothly with no vibration and clean clotehs thoroughly. The wash and spin cycles run smoothly with no vibration and clean clotehs thoroughly.
2024-10-02;Female;44;Austria;
2023-01-24;Male;53;Poland;The wash cycle works okay but nothing special to write home about. It rinses fine but sometimes I still find detergent residue on my clotehs. It rinses fine but sometimes I still find detergent residue on my clotehs.
2024-08-07;Female;28;Switzerland;It rinses fine but sometimes I still find detergent residue on my clotehs. The wash cycle works okay but nothing special to write home about. I guess the performance is average as it gets the job done without issues. It rinses fine but sometimes I still find detergent residue on my clotehs. I guess the performance is average as it gets the job done without issues.
2021-10-27;Female;19;Czech Republic;
2022-08-24;Male;28;Germany;The minimalist look is impressive and makes the appliance feel premium. I absolutely love the sleek design, it looks very modern and fits perfectly in my home. I absolutely love the sleek design, it looks very modern and fits perfectly in my home. I absolutely love the sleek design, it looks very modern and fits perfectly in my home. I absolutely love the sleek design, it looks very modern and fits perfectly in my home. The minimalist look is impressive and makes the appliance feel premium. The minimalist look is impressive and makes the appliance feel premium.
2021-05-14;Female;60;Austria;The cost doesn't match the quality, I expected more at this price. The washer is too expensive for the features it offers, feels overpriced. I regret paying such a high price when budget models perform similarly.
2019-08-10;Female;59;Switzerland;The wash and spin cycles run smoothly with no vibration and clean clotehs thoroughly. It handles large loads effortlessly while still delivering spotless results. The wash and spin cycles run smoothly with no vibration and clean clotehs thoroughly. The wash and spin cycles run smoothly with no vibration and clean clotehs thoroughly. It handles large loads effortlessly while still delivering spotless results. I appreciate how quietly this machne operates during a full load.
2023-04-20;Female;43;Germany;The price seems average compared to otehr machines in the market. Cost-wise, this washer is neitehr cheap nor premium, it sits in the middle. The price is standard but doesn't stand out as a bargain or a splurge. The price is standard but doesn't stand out as a bargain or a splurge. Cost-wise, this washer is neitehr cheap nor premium, it sits in the middle. The price seems average compared to otehr machines in the market.
2022-01-20;Male;40;Austria;I wish it had a steam cycle fetura for better stain removal, it's a missed opportunity. I wish it had a steam cycle fetura for better stain removal, it's a missed opportunity. The absence of an app integration feature makes it inconvenient to control remotely. The absence of an app integration feature makes it inconvenient to control remotely. I wish it had a steam cycle fetura for better stain removal, it's a missed opportunity.
2021-08-09;Female;48;Poland;The customer servce rep seemed uninterested and couldn't solve my issue. I had to call multiple times because the service team kept transferring me. I had to call multiple times because the service team kept transferring me. I had to call multiple times because the service team kept transferring me. I had to call multiple times because the service team kept transferring me. The customer servce rep seemed uninterested and couldn't solve my issue. The customer servce rep seemed uninterested and couldn't solve my issue.
2020-05-11;Female;35;Austria;I absolutely love the sleek design, it looks very modern and fits perfectly in my home. The minimalist look is impressive and makes the appliance feel premium. This washer's stylish appearance has definitely elevated my laundry room's aestehtics. This washer's stylish appearance has definitely elevated my laundry room's aestehtics. I absolutely love the sleek design, it looks very modern and fits perfectly in my home. This washer's stylish appearance has definitely elevated my laundry room's aestehtics.
2020-05-07;Female;30;Austria;This washer's stylish appearance has definitely elevated my laundry room's aestehtics. I absolutely love the sleek design, it looks very modern and fits perfectly in my home. The minimalist look is impressive and makes the appliance feel premium. The minimalist look is impressive and makes the appliance feel premium. I absolutely love the sleek design, it looks very modern and fits perfectly in my home. The minimalist look is impressive and makes the appliance feel premium.
2022-11-27;Female;32;Poland;The customer servce rep seemed uninterested and couldn't solve my issue. The support servce was slow and unhelpful, I waited days for a response. The customer servce rep seemed uninterested and couldn't solve my issue.
2021-10-23;Female;57;Germany;The price is standard but doesn't stand out as a bargain or a splurge. The price is standard but doesn't stand out as a bargain or a splurge. The price is standard but doesn't stand out as a bargain or a splurge. The price seems average compared to otehr machines in the market. Cost-wise, this washer is neitehr cheap nor premium, it sits in the middle. The price seems average compared to otehr machines in the market. The price seems average compared to otehr machines in the market.
2021-12-28;Male;44;Germany;
2025-01-28;Female;55;Germany;Service team was accommodating and provided clear instructions to fix the problem. Service team was accommodating and provided clear instructions to fix the problem. The customer servce was extremely responsive and resolved my issue within hours.
2023-07-01;Male;53;Germany;The customer servce was okay but took some time to get back to me. Support team was adequate, neitehr exceptionally good nor bad. Service response was average and lacked detailed explanations. Service response was average and lacked detailed explanations. The customer servce was okay but took some time to get back to me.
2020-01-08;Male;42;Czech Republic;The minimalist look is impressive and makes the appliance feel premium. I absolutely love the sleek design, it looks very modern and fits perfectly in my home. This washer's stylish appearance has definitely elevated my laundry room's aestehtics. The minimalist look is impressive and makes the appliance feel premium. I absolutely love the sleek design, it looks very modern and fits perfectly in my home.
2023-05-08;Male;45;Switzerland;Service response was average and lacked detailed explanations. The customer servce was okay but took some time to get back to me. The customer servce was okay but took some time to get back to me. Support team was adequate, neitehr exceptionally good nor bad. The customer servce was okay but took some time to get back to me. Support team was adequate, neitehr exceptionally good nor bad. Service response was average and lacked detailed explanations.
2023-07-20;Female;26;Switzerland;The washer is too expensive for the features it offers, feels overpriced. I regret paying such a high price when budget models perform similarly. I regret paying such a high price when budget models perform similarly.
2024-01-22;Female;42;Austria;The washer is too expensive for the features it offers, feels overpriced. I regret paying such a high price when budget models perform similarly. I regret paying such a high price when budget models perform similarly. The washer is too expensive for the features it offers, feels overpriced.
2021-12-23;Male;33;Austria;
2022-02-03;Male;53;Germany;The spin cycle is noisy and shakes violently, which is very concerning. The cycle often stops abruptly causing wet clotehs and frustrating delays in my schedule. It leaks water frequently, making the laundry area a mess every time I run it. The cycle often stops abruptly causing wet clotehs and frustrating delays in my schedule. The spin cycle is noisy and shakes violently, which is very concerning.
2020-08-03;Male;63;Switzerland;I find the delay timer feature adequate but not very intuitive. I find the delay timer feature adequate but not very intuitive. I find the delay timer feature adequate but not very intuitive. I find the delay timer feature adequate but not very intuitive.
2022-02-07;Male;47;Czech Republic;Service team was accommodating and provided clear instructions to fix the problem. Service team was accommodating and provided clear instructions to fix the problem. Service team was accommodating and provided clear instructions to fix the problem.
2020-11-04;Female;19;Austria;I appreciate how quietly this machne operates during a full load. I appreciate how quietly this machne operates during a full load. It handles large loads effortlessly while still delivering spotless results. It handles large loads effortlessly while still delivering spotless results. I appreciate how quietly this machne operates during a full load. It handles large loads effortlessly while still delivering spotless results. The wash and spin cycles run smoothly with no vibration and clean clotehs thoroughly.
2023-04-15;Male;28;Austria;
2022-04-28;Male;35;Austria;I guess the performance is average as it gets the job done without issues. I guess the performance is average as it gets the job done without issues. It rinses fine but sometimes I still find detergent residue on my clotehs. It rinses fine but sometimes I still find detergent residue on my clotehs. The wash cycle works okay but nothing special to write home about. The wash cycle works okay but nothing special to write home about. The wash cycle works okay but nothing special to write home about.
2024-05-02;Female;38;Poland;The customer servce rep seemed uninterested and couldn't solve my issue. The support servce was slow and unhelpful, I waited days for a response. The support servce was slow and unhelpful, I waited days for a response. I had to call multiple times because the service team kept transferring me. The customer servce rep seemed uninterested and couldn't solve my issue. The customer servce rep seemed uninterested and couldn't solve my issue. I had to call multiple times because the service team kept transferring me.
2019-08-05;Male;24;Czech Republic;The absence of an app integration feature makes it inconvenient to control remotely. The absence of an app integration feature makes it inconvenient to control remotely. I wish it had a steam cycle fetura for better stain removal, it's a missed opportunity. The absence of an app integration feature makes it inconvenient to control remotely. The absence of an app integration feature makes it inconvenient to control remotely. The absence of an app integration feature makes it inconvenient to control remotely. I wish it had a steam cycle fetura for better stain removal, it's a missed opportunity.
2023-06-19;Female;31;Czech Republic;This machne's color is dull and makes it look cheap. The design feels outdated and does not appeal to me at all. I find the bulky design quite unattractive and it clashes with my decor. This machne's color is dull and makes it look cheap. The design feels outdated and does not appeal to me at all. This machne's color is dull and makes it look cheap. I find the bulky design quite unattractive and it clashes with my decor.
2020-05-16;Female;30;Switzerland;I appreciate how quietly this machne operates during a full load. It handles large loads effortlessly while still delivering spotless results. The wash and spin cycles run smoothly with no vibration and clean clotehs thoroughly.
2022-06-27;Male;48;Germany;I find the delay timer feature adequate but not very intuitive. I find the delay timer feature adequate but not very intuitive. I find the delay timer feature adequate but not very intuitive. The cycle presets are okay but sometimes I have to manually tweak tehm. The temperature control feature is fine but could use more granular settings. The cycle presets are okay but sometimes I have to manually tweak tehm.
2019-06-13;Female;51;Germany;The wash and spin cycles run smoothly with no vibration and clean clotehs thoroughly. The wash and spin cycles run smoothly with no vibration and clean clotehs thoroughly. I appreciate how quietly this machne operates during a full load. The wash and spin cycles run smoothly with no vibration and clean clotehs thoroughly. The wash and spin cycles run smoothly with no vibration and clean clotehs thoroughly.
2022-05-12;Male;29;Switzerland;The delayed start option is super convenient for busy mornings. The delayed start option is super convenient for busy mornings. The delayed start option is super convenient for busy mornings. The eco mode saves so much water and energy, making laundry days more sustainable.
2024-03-10;Female;39;Austria;The support servce was slow and unhelpful, I waited days for a response. I had to call multiple times because the service team kept transferring me. The customer servce rep seemed uninterested and couldn't solve my issue.
2019-10-25;Male;52;Poland;Cost-wise, this washer is neitehr cheap nor premium, it sits in the middle. The price seems average compared to otehr machines in the market. The price is standard but doesn't stand out as a bargain or a splurge. Cost-wise, this washer is neitehr cheap nor premium, it sits in the middle. The price seems average compared to otehr machines in the market. The price is standard but doesn't stand out as a bargain or a splurge.
2023-11-08;Male;50;Switzerland;The temperature control feature is fine but could use more granular settings. The cycle presets are okay but sometimes I have to manually tweak tehm. The cycle presets are okay but sometimes I have to manually tweak tehm. I find the delay timer feature adequate but not very intuitive. The cycle presets are okay but sometimes I have to manually tweak tehm. The cycle presets are okay but sometimes I have to manually tweak tehm. I find the delay timer feature adequate but not very intuitive.
2023-02-23;Male;21;Austria;I find the bulky design quite unattractive and it clashes with my decor. I find the bulky design quite unattractive and it clashes with my decor. The design feels outdated and does not appeal to me at all.
2025-01-29;Male;40;Germany;I guess the performance is average as it gets the job done without issues. I guess the performance is average as it gets the job done without issues. I guess the performance is average as it gets the job done without issues. I guess the performance is average as it gets the job done without issues.
2023-08-02;Female;32;Germany;Given its performance and reliability, the price is very reasonable and good value. I feel the cost is justified given the premium features included. Considering the energy savings, the price point is quite attractive. I feel the cost is justified given the premium features included. I feel the cost is justified given the premium features included. Considering the energy savings, the price point is quite attractive. Given its performance and reliability, the price is very reasonable and good value.
2024-09-20;Female;38;Poland;The design feels outdated and does not appeal to me at all. I find the bulky design quite unattractive and it clashes with my decor. This machne's color is dull and makes it look cheap. The design feels outdated and does not appeal to me at all. This machne's color is dull and makes it look cheap.
2023-03-04;Female;53;Germany;The delayed start option is super convenient for busy mornings. I really enjoy the quick wash feature for those last minute clothing emergencies. The delayed start option is super convenient for busy mornings. The delayed start option is super convenient for busy mornings. I really enjoy the quick wash feature for those last minute clothing emergencies.
2022-07-15;Female;27;Germany;I had to call multiple times because the service team kept transferring me. The support servce was slow and unhelpful, I waited days for a response. The customer servce rep seemed uninterested and couldn't solve my issue. The customer servce rep seemed uninterested and couldn't solve my issue. The customer servce rep seemed uninterested and couldn't solve my issue. I had to call multiple times because the service team kept transferring me. I had to call multiple times because the service team kept transferring me.
2023-04-25;Female;33;Germany;The cycle often stops abruptly causing wet clotehs and frustrating delays in my schedule. The spin cycle is noisy and shakes violently, which is very concerning. The cycle often stops abruptly causing wet clotehs and frustrating delays in my schedule.
2024-10-06;Male;45;Germany;The temperature control feature is fine but could use more granular settings. I find the delay timer feature adequate but not very intuitive. The temperature control feature is fine but could use more granular settings. I find the delay timer feature adequate but not very intuitive. The cycle presets are okay but sometimes I have to manually tweak tehm. I find the delay timer feature adequate but not very intuitive. I find the delay timer feature adequate but not very intuitive.
2023-09-14;Female;57;Switzerland;The customer servce rep seemed uninterested and couldn't solve my issue. The support servce was slow and unhelpful, I waited days for a response. The support servce was slow and unhelpful, I waited days for a response.
2025-02-26;Male;41;Poland;The eco mode saves so much water and energy, making laundry days more sustainable. The delayed start option is super convenient for busy mornings. The delayed start option is super convenient for busy mornings. I really enjoy the quick wash feature for those last minute clothing emergencies. The eco mode saves so much water and energy, making laundry days more sustainable. The eco mode saves so much water and energy, making laundry days more sustainable.
2023-12-05;Female;70;Czech Republic;I had to call multiple times because the service team kept transferring me. The customer servce rep seemed uninterested and couldn't solve my issue. The support servce was slow and unhelpful, I waited days for a response. I had to call multiple times because the service team kept transferring me. The customer servce rep seemed uninterested and couldn't solve my issue.
2020-12-18;Male;43;Austria;The temperature control feature is fine but could use more granular settings. I find the delay timer feature adequate but not very intuitive. The cycle presets are okay but sometimes I have to manually tweak tehm. I find the delay timer feature adequate but not very intuitive. The temperature control feature is fine but could use more granular settings.
2019-06-29;Female;64;Switzerland;The temperature control feature is fine but could use more granular settings. The temperature control feature is fine but could use more granular settings. I find the delay timer feature adequate but not very intuitive. The cycle presets are okay but sometimes I have to manually tweak tehm.
2025-03-28;Female;35;Germany;The spin cycle is noisy and shakes violently, which is very concerning. It leaks water frequently, making the laundry area a mess every time I run it. The spin cycle is noisy and shakes violently, which is very concerning. It leaks water frequently, making the laundry area a mess every time I run it. It leaks water frequently, making the laundry area a mess every time I run it. The cycle often stops abruptly causing wet clotehs and frustrating delays in my schedule.
2019-05-05;Female;45;Austria;The temperature control feature is fine but could use more granular settings. The temperature control feature is fine but could use more granular settings. I find the delay timer feature adequate but not very intuitive. The temperature control feature is fine but could use more granular settings. I find the delay timer feature adequate but not very intuitive. I find the delay timer feature adequate but not very intuitive.
2020-11-11;Female;37;Czech Republic;The design feels outdated and does not appeal to me at all. This machne's color is dull and makes it look cheap. This machne's color is dull and makes it look cheap.
2021-11-19;Male;43;Austria;Considering the energy savings, the price point is quite attractive. I feel the cost is justified given the premium features included. Considering the energy savings, the price point is quite attractive. I feel the cost is justified given the premium features included. Considering the energy savings, the price point is quite attractive.
2023-10-27;Female;39;Czech Republic;The temperature control feature is fine but could use more granular settings. I find the delay timer feature adequate but not very intuitive. The temperature control feature is fine but could use more granular settings. The cycle presets are okay but sometimes I have to manually tweak tehm. The temperature control feature is fine but could use more granular settings. I find the delay timer feature adequate but not very intuitive.
2023-09-26;Female;41;Austria;The cycle presets are okay but sometimes I have to manually tweak tehm. The cycle presets are okay but sometimes I have to manually tweak tehm. The cycle presets are okay but sometimes I have to manually tweak tehm. I find the delay timer feature adequate but not very intuitive. I find the delay timer feature adequate but not very intuitive. The cycle presets are okay but sometimes I have to manually tweak tehm.
2020-08-29;Female;66;Germany;
2022-03-14;Female;43;Austria;The absence of an app integration feature makes it inconvenient to control remotely. Missing the sanitize option is disappointing as I need it for baby clotehs. The absence of an app integration feature makes it inconvenient to control remotely. Missing the sanitize option is disappointing as I need it for baby clotehs. Missing the sanitize option is disappointing as I need it for baby clotehs. Missing the sanitize option is disappointing as I need it for baby clotehs.
2023-05-25;Male;33;Germany;I got a helpful reply from the support team quickly, very professional. I got a helpful reply from the support team quickly, very professional. I got a helpful reply from the support team quickly, very professional. Service team was accommodating and provided clear instructions to fix the problem. I got a helpful reply from the support team quickly, very professional. The customer servce was extremely responsive and resolved my issue within hours. Service team was accommodating and provided clear instructions to fix the problem.
2024-04-25;Female;52;Austria;Given its performance and reliability, the price is very reasonable and good value. Given its performance and reliability, the price is very reasonable and good value. I feel the cost is justified given the premium features included. Given its performance and reliability, the price is very reasonable and good value. Given its performance and reliability, the price is very reasonable and good value. I feel the cost is justified given the premium features included.
2019-12-08;Male;49;Switzerland;Service team was accommodating and provided clear instructions to fix the problem. The customer servce was extremely responsive and resolved my issue within hours. The customer servce was extremely responsive and resolved my issue within hours. The customer servce was extremely responsive and resolved my issue within hours. Service team was accommodating and provided clear instructions to fix the problem.
2019-11-30;Female;46;Poland;This washer's stylish appearance has definitely elevated my laundry room's aestehtics. The minimalist look is impressive and makes the appliance feel premium. This washer's stylish appearance has definitely elevated my laundry room's aestehtics. This washer's stylish appearance has definitely elevated my laundry room's aestehtics. This washer's stylish appearance has definitely elevated my laundry room's aestehtics. I absolutely love the sleek design, it looks very modern and fits perfectly in my home. This washer's stylish appearance has definitely elevated my laundry room's aestehtics.
2022-12-21;Male;26;Austria;The wash and spin cycles run smoothly with no vibration and clean clotehs thoroughly. The wash and spin cycles run smoothly with no vibration and clean clotehs thoroughly. It handles large loads effortlessly while still delivering spotless results.
2021-03-01;Male;30;Germany;Missing the sanitize option is disappointing as I need it for baby clotehs. I wish it had a steam cycle fetura for better stain removal, it's a missed opportunity. Missing the sanitize option is disappointing as I need it for baby clotehs.
2020-10-17;Female;31;Poland;I had to call multiple times because the service team kept transferring me. The support servce was slow and unhelpful, I waited days for a response. The customer servce rep seemed uninterested and couldn't solve my issue. I had to call multiple times because the service team kept transferring me. The support servce was slow and unhelpful, I waited days for a response.
2019-10-22;Male;54;Poland;The customer servce was extremely responsive and resolved my issue within hours. I got a helpful reply from the support team quickly, very professional. The customer servce was extremely responsive and resolved my issue within hours. I got a helpful reply from the support team quickly, very professional. Service team was accommodating and provided clear instructions to fix the problem. Service team was accommodating and provided clear instructions to fix the problem.
2022-08-15;Female;48;Germany;Cost-wise, this washer is neitehr cheap nor premium, it sits in the middle. Cost-wise, this washer is neitehr cheap nor premium, it sits in the middle. Cost-wise, this washer is neitehr cheap nor premium, it sits in the middle. The price is standard but doesn't stand out as a bargain or a splurge. The price seems average compared to otehr machines in the market. Cost-wise, this washer is neitehr cheap nor premium, it sits in the middle. The price seems average compared to otehr machines in the market.
2024-10-06;Female;34;Austria;I find the delay timer feature adequate but not very intuitive. The temperature control feature is fine but could use more granular settings. The temperature control feature is fine but could use more granular settings. The temperature control feature is fine but could use more granular settings. I find the delay timer feature adequate but not very intuitive. The cycle presets are okay but sometimes I have to manually tweak tehm. The cycle presets are okay but sometimes I have to manually tweak tehm.
2023-05-13;Male;26;Switzerland;The cost doesn't match the quality, I expected more at this price. The washer is too expensive for the features it offers, feels overpriced. The washer is too expensive for the features it offers, feels overpriced. The cost doesn't match the quality, I expected more at this price. I regret paying such a high price when budget models perform similarly. The washer is too expensive for the features it offers, feels overpriced.
2020-06-30;Male;53;Germany;The support servce was slow and unhelpful, I waited days for a response. The customer servce rep seemed uninterested and couldn't solve my issue. I had to call multiple times because the service team kept transferring me. The customer servce rep seemed uninterested and couldn't solve my issue. I had to call multiple times because the service team kept transferring me.
2023-05-26;Female;26;Austria;The cost doesn't match the quality, I expected more at this price. The cost doesn't match the quality, I expected more at this price. The cost doesn't match the quality, I expected more at this price. The cost doesn't match the quality, I expected more at this price.
2022-01-13;Male;47;Germany;I really enjoy the quick wash feature for those last minute clothing emergencies. I really enjoy the quick wash feature for those last minute clothing emergencies. I really enjoy the quick wash feature for those last minute clothing emergencies. I really enjoy the quick wash feature for those last minute clothing emergencies.
2019-10-02;Female;24;Austria;I got a helpful reply from the support team quickly, very professional. I got a helpful reply from the support team quickly, very professional. I got a helpful reply from the support team quickly, very professional.
2023-05-15;Female;31;Germany;This machne's color is dull and makes it look cheap. The design feels outdated and does not appeal to me at all. This machne's color is dull and makes it look cheap. The design feels outdated and does not appeal to me at all.
2023-04-07;Male;40;Austria;It handles large loads effortlessly while still delivering spotless results. The wash and spin cycles run smoothly with no vibration and clean clotehs thoroughly. It handles large loads effortlessly while still delivering spotless results. I appreciate how quietly this machne operates during a full load. I appreciate how quietly this machne operates during a full load. I appreciate how quietly this machne operates during a full load.
2020-05-27;Female;43;Austria;Given its performance and reliability, the price is very reasonable and good value. Given its performance and reliability, the price is very reasonable and good value. Considering the energy savings, the price point is quite attractive.
2019-05-24;Female;52;Switzerland;I had to call multiple times because the service team kept transferring me. The customer servce rep seemed uninterested and couldn't solve my issue. The support servce was slow and unhelpful, I waited days for a response. I had to call multiple times because the service team kept transferring me. The support servce was slow and unhelpful, I waited days for a response. I had to call multiple times because the service team kept transferring me. The support servce was slow and unhelpful, I waited days for a response.
2022-11-03;Female;51;Germany;
2024-09-30;Female;36;Switzerland;I absolutely love the sleek design, it looks very modern and fits perfectly in my home. I absolutely love the sleek design, it looks very modern and fits perfectly in my home. I absolutely love the sleek design, it looks very modern and fits perfectly in my home. I absolutely love the sleek design, it looks very modern and fits perfectly in my home. This washer's stylish appearance has definitely elevated my laundry room's aestehtics.
2020-12-06;Male;57;Austria;It leaks water frequently, making the laundry area a mess every time I run it. It leaks water frequently, making the laundry area a mess every time I run it. The spin cycle is noisy and shakes violently, which is very concerning. It leaks water frequently, making the laundry area a mess every time I run it. It leaks water frequently, making the laundry area a mess every time I run it. The cycle often stops abruptly causing wet clotehs and frustrating delays in my schedule.
2024-10-22;Female;39;Austria;The cycle presets are okay but sometimes I have to manually tweak tehm. I find the delay timer feature adequate but not very intuitive. The temperature control feature is fine but could use more granular settings.
2022-03-08;Female;48;Germany;Given its performance and reliability, the price is very reasonable and good value. Given its performance and reliability, the price is very reasonable and good value. Given its performance and reliability, the price is very reasonable and good value. I feel the cost is justified given the premium features included. I feel the cost is justified given the premium features included. Considering the energy savings, the price point is quite attractive. I feel the cost is justified given the premium features included.
2023-11-10;Female;34;Poland;I absolutely love the sleek design, it looks very modern and fits perfectly in my home. This washer's stylish appearance has definitely elevated my laundry room's aestehtics. The minimalist look is impressive and makes the appliance feel premium. The minimalist look is impressive and makes the appliance feel premium. This washer's stylish appearance has definitely elevated my laundry room's aestehtics. I absolutely love the sleek design, it looks very modern and fits perfectly in my home.
2022-06-17;Female;29;Switzerland;The wash and spin cycles run smoothly with no vibration and clean clotehs thoroughly. The wash and spin cycles run smoothly with no vibration and clean clotehs thoroughly. I appreciate how quietly this machne operates during a full load. It handles large loads effortlessly while still delivering spotless results. I appreciate how quietly this machne operates during a full load. The wash and spin cycles run smoothly with no vibration and clean clotehs thoroughly.
2021-05-05;Female;50;Czech Republic;I find the delay timer feature adequate but not very intuitive. I find the delay timer feature adequate but not very intuitive. I find the delay timer feature adequate but not very intuitive. The temperature control feature is fine but could use more granular settings. I find the delay timer feature adequate but not very intuitive.
2024-02-01;Male;48;Czech Republic;This washer's stylish appearance has definitely elevated my laundry room's aestehtics. I absolutely love the sleek design, it looks very modern and fits perfectly in my home. The minimalist look is impressive and makes the appliance feel premium. The minimalist look is impressive and makes the appliance feel premium. This washer's stylish appearance has definitely elevated my laundry room's aestehtics. The minimalist look is impressive and makes the appliance feel premium. I absolutely love the sleek design, it looks very modern and fits perfectly in my home.
2021-02-06;Male;57;Austria;
2019-08-13;Female;35;Germany;I wish it had a steam cycle fetura for better stain removal, it's a missed opportunity. The absence of an app integration feature makes it inconvenient to control remotely. I wish it had a steam cycle fetura for better stain removal, it's a missed opportunity. I wish it had a steam cycle fetura for better stain removal, it's a missed opportunity. Missing the sanitize option is disappointing as I need it for baby clotehs. The absence of an app integration feature makes it inconvenient to control remotely.
2020-08-31;Female;41;Switzerland;The eco mode saves so much water and energy, making laundry days more sustainable. The delayed start option is super convenient for busy mornings. The eco mode saves so much water and energy, making laundry days more sustainable. I really enjoy the quick wash feature for those last minute clothing emergencies.
2023-10-15;Female;35;Germany;
2024-05-12;Female;35;Germany;
2020-02-15;Female;46;Austria;
2023-03-17;Male;28;Switzerland;Considering the energy savings, the price point is quite attractive. I feel the cost is justified given the premium features included. Given its performance and reliability, the price is very reasonable and good value.
2024-02-13;Male;40;Switzerland;I absolutely love the sleek design, it looks very modern and fits perfectly in my home. I absolutely love the sleek design, it looks very modern and fits perfectly in my home. This washer's stylish appearance has definitely elevated my laundry room's aestehtics.
2021-03-03;Female;57;Austria;It handles large loads effortlessly while still delivering spotless results. It handles large loads effortlessly while still delivering spotless results. It handles large loads effortlessly while still delivering spotless results. It handles large loads effortlessly while still delivering spotless results.
2019-09-18;Female;32;Austria;It rinses fine but sometimes I still find detergent residue on my clotehs. The wash cycle works okay but nothing special to write home about. The wash cycle works okay but nothing special to write home about. It rinses fine but sometimes I still find detergent residue on my clotehs. I guess the performance is average as it gets the job done without issues. The wash cycle works okay but nothing special to write home about.
2022-05-13;Male;67;Austria;The absence of an app integration feature makes it inconvenient to control remotely. I wish it had a steam cycle fetura for better stain removal, it's a missed opportunity. The absence of an app integration feature makes it inconvenient to control remotely. I wish it had a steam cycle fetura for better stain removal, it's a missed opportunity.
2021-11-29;Male;46;Germany;I feel the cost is justified given the premium features included. Given its performance and reliability, the price is very reasonable and good value. Given its performance and reliability, the price is very reasonable and good value. Considering the energy savings, the price point is quite attractive. Considering the energy savings, the price point is quite attractive. Considering the energy savings, the price point is quite attractive. Given its performance and reliability, the price is very reasonable and good value.
2020-08-21;Female;42;Switzerland;The support servce was slow and unhelpful, I waited days for a response. The support servce was slow and unhelpful, I waited days for a response. The customer servce rep seemed uninterested and couldn't solve my issue. The support servce was slow and unhelpful, I waited days for a response. I had to call multiple times because the service team kept transferring me.
2021-01-25;Female;53;Germany;The design feels outdated and does not appeal to me at all. The design feels outdated and does not appeal to me at all. This machne's color is dull and makes it look cheap. I find the bulky design quite unattractive and it clashes with my decor. I find the bulky design quite unattractive and it clashes with my decor. This machne's color is dull and makes it look cheap. I find the bulky design quite unattractive and it clashes with my decor.
2020-09-12;Male;33;Germany;The temperature control feature is fine but could use more granular settings. I find the delay timer feature adequate but not very intuitive. The cycle presets are okay but sometimes I have to manually tweak tehm. The cycle presets are okay but sometimes I have to manually tweak tehm. I find the delay timer feature adequate but not very intuitive. The temperature control feature is fine but could use more granular settings. The cycle presets are okay but sometimes I have to manually tweak tehm.
2024-07-08;Male;41;Germany;This machne's color is dull and makes it look cheap. I find the bulky design quite unattractive and it clashes with my decor. The design feels outdated and does not appeal to me at all.
2023-05-07;Female;25;Germany;I wish it had a steam cycle fetura for better stain removal, it's a missed opportunity. The absence of an app integration feature makes it inconvenient to control remotely. Missing the sanitize option is disappointing as I need it for baby clotehs. The absence of an app integration feature makes it inconvenient to control remotely.
2020-04-27;Male;35;Germany;I regret paying such a high price when budget models perform similarly. I regret paying such a high price when budget models perform similarly. I regret paying such a high price when budget models perform similarly. The washer is too expensive for the features it offers, feels overpriced. The cost doesn't match the quality, I expected more at this price.
2020-10-10;Male;42;Poland;It leaks water frequently, making the laundry area a mess every time I run it. It leaks water frequently, making the laundry area a mess every time I run it. The cycle often stops abruptly causing wet clotehs and frustrating delays in my schedule. The spin cycle is noisy and shakes violently, which is very concerning. It leaks water frequently, making the laundry area a mess every time I run it.
2020-12-27;Female;29;Czech Republic;The customer servce was extremely responsive and resolved my issue within hours. I got a helpful reply from the support team quickly, very professional. I got a helpful reply from the support team quickly, very professional. I got a helpful reply from the support team quickly, very professional. Service team was accommodating and provided clear instructions to fix the problem.
2022-08-03;Female;48;Germany;I guess the performance is average as it gets the job done without issues. The wash cycle works okay but nothing special to write home about. It rinses fine but sometimes I still find detergent residue on my clotehs. The wash cycle works okay but nothing special to write home about. It rinses fine but sometimes I still find detergent residue on my clotehs.
2019-05-27;Female;44;Germany;The absence of an app integration feature makes it inconvenient to control remotely. I wish it had a steam cycle fetura for better stain removal, it's a missed opportunity. Missing the sanitize option is disappointing as I need it for baby clotehs. I wish it had a steam cycle fetura for better stain removal, it's a missed opportunity. Missing the sanitize option is disappointing as I need it for baby clotehs.
2023-04-09;Male;21;Austria;The delayed start option is super convenient for busy mornings. I really enjoy the quick wash feature for those last minute clothing emergencies. The eco mode saves so much water and energy, making laundry days more sustainable. I really enjoy the quick wash feature for those last minute clothing emergencies. I really enjoy the quick wash feature for those last minute clothing emergencies. The delayed start option is super convenient for busy mornings.
2021-11-15;Male;51;Germany;Given its performance and reliability, the price is very reasonable and good value. Considering the energy savings, the price point is quite attractive. Considering the energy savings, the price point is quite attractive. I feel the cost is justified given the premium features included. Considering the energy savings, the price point is quite attractive. Considering the energy savings, the price point is quite attractive.
2024-09-06;Male;52;Austria;The washer is too expensive for the features it offers, feels overpriced. The cost doesn't match the quality, I expected more at this price. The washer is too expensive for the features it offers, feels overpriced.
2020-10-19;Male;50;Germany;This washer's stylish appearance has definitely elevated my laundry room's aestehtics. The minimalist look is impressive and makes the appliance feel premium. The minimalist look is impressive and makes the appliance feel premium. I absolutely love the sleek design, it looks very modern and fits perfectly in my home. This washer's stylish appearance has definitely elevated my laundry room's aestehtics. The minimalist look is impressive and makes the appliance feel premium.
2022-09-23;Male;55;Austria;I regret paying such a high price when budget models perform similarly. I regret paying such a high price when budget models perform similarly. I regret paying such a high price when budget models perform similarly.
2019-05-22;Male;34;Switzerland;I guess the performance is average as it gets the job done without issues. It rinses fine but sometimes I still find detergent residue on my clotehs. The wash cycle works okay but nothing special to write home about.
2023-04-18;Female;51;Germany;I had to call multiple times because the service team kept transferring me. The customer servce rep seemed uninterested and couldn't solve my issue. The customer servce rep seemed uninterested and couldn't solve my issue. I had to call multiple times because the service team kept transferring me. The support servce was slow and unhelpful, I waited days for a response.
2021-12-01;Female;52;Switzerland;I guess the performance is average as it gets the job done without issues. The wash cycle works okay but nothing special to write home about. It rinses fine but sometimes I still find detergent residue on my clotehs. The wash cycle works okay but nothing special to write home about.
2021-01-19;Female;47;Germany;It leaks water frequently, making the laundry area a mess every time I run it. It leaks water frequently, making the laundry area a mess every time I run it. The cycle often stops abruptly causing wet clotehs and frustrating delays in my schedule. The spin cycle is noisy and shakes violently, which is very concerning. The cycle often stops abruptly causing wet clotehs and frustrating delays in my schedule.
2024-10-03;Female;64;Austria;
2024-07-07;Male;31;Poland;I feel the cost is justified given the premium features included. I feel the cost is justified given the premium features included. Considering the energy savings, the price point is quite attractive. I feel the cost is justified given the premium features included. Given its performance and reliability, the price is very reasonable and good value. I feel the cost is justified given the premium features included.
2023-05-14;Female;30;Germany;
2019-05-07;Male;36;Germany;I guess the performance is average as it gets the job done without issues. It rinses fine but sometimes I still find detergent residue on my clotehs. I guess the performance is average as it gets the job done without issues. It rinses fine but sometimes I still find detergent residue on my clotehs. I guess the performance is average as it gets the job done without issues. It rinses fine but sometimes I still find detergent residue on my clotehs. I guess the performance is average as it gets the job done without issues.
2021-10-13;Male;55;Switzerland;Support team was adequate, neitehr exceptionally good nor bad. The customer servce was okay but took some time to get back to me. The customer servce was okay but took some time to get back to me. Support team was adequate, neitehr exceptionally good nor bad. Support team was adequate, neitehr exceptionally good nor bad. Support team was adequate, neitehr exceptionally good nor bad.
2019-06-01;Female;46;Germany;
2025-02-25;Male;38;Poland;Missing the sanitize option is disappointing as I need it for baby clotehs. Missing the sanitize option is disappointing as I need it for baby clotehs. Missing the sanitize option is disappointing as I need it for baby clotehs. The absence of an app integration feature makes it inconvenient to control remotely.
2020-08-11;Male;33;Switzerland;It rinses fine but sometimes I still find detergent residue on my clotehs. It rinses fine but sometimes I still find detergent residue on my clotehs. I guess the performance is average as it gets the job done without issues. It rinses fine but sometimes I still find detergent residue on my clotehs. I guess the performance is average as it gets the job done without issues. I guess the performance is average as it gets the job done without issues. The wash cycle works okay but nothing special to write home about.
2023-10-27;Female;54;Austria;Support team was adequate, neitehr exceptionally good nor bad. The customer servce was okay but took some time to get back to me. Support team was adequate, neitehr exceptionally good nor bad. The customer servce was okay but took some time to get back to me.
2024-06-26;Female;45;Germany;I wish it had a steam cycle fetura for better stain removal, it's a missed opportunity. The absence of an app integration feature makes it inconvenient to control remotely. The absence of an app integration feature makes it inconvenient to control remotely. The absence of an app integration feature makes it inconvenient to control remotely. I wish it had a steam cycle fetura for better stain removal, it's a missed opportunity.
2022-08-08;Female;37;Germany;Cost-wise, this washer is neitehr cheap nor premium, it sits in the middle. The price is standard but doesn't stand out as a bargain or a splurge. Cost-wise, this washer is neitehr cheap nor premium, it sits in the middle. The price seems average compared to otehr machines in the market.
2019-06-25;Male;69;Poland;The customer servce rep seemed uninterested and couldn't solve my issue. The customer servce rep seemed uninterested and couldn't solve my issue. The support servce was slow and unhelpful, I waited days for a response. I had to call multiple times because the service team kept transferring me.
2020-06-16;Male;51;Czech Republic;The design feels outdated and does not appeal to me at all. I find the bulky design quite unattractive and it clashes with my decor. This machne's color is dull and makes it look cheap.
2022-08-02;Male;37;Switzerland;I absolutely love the sleek design, it looks very modern and fits perfectly in my home. The minimalist look is impressive and makes the appliance feel premium. The minimalist look is impressive and makes the appliance feel premium. This washer's stylish appearance has definitely elevated my laundry room's aestehtics.
2022-02-18;Female;40;Czech Republic;I really enjoy the quick wash feature for those last minute clothing emergencies. I really enjoy the quick wash feature for those last minute clothing emergencies. I really enjoy the quick wash feature for those last minute clothing emergencies. The eco mode saves so much water and energy, making laundry days more sustainable.
2022-01-20;Male;59;Austria;
2021-05-16;Male;37;Czech Republic;The delayed start option is super convenient for busy mornings. The eco mode saves so much water and energy, making laundry days more sustainable. The eco mode saves so much water and energy, making laundry days more sustainable. The eco mode saves so much water and energy, making laundry days more sustainable.
2025-02-08;Female;37;Austria;Cost-wise, this washer is neitehr cheap nor premium, it sits in the middle. The price seems average compared to otehr machines in the market. The price seems average compared to otehr machines in the market. Cost-wise, this washer is neitehr cheap nor premium, it sits in the middle.
2024-01-29;Male;28;Switzerland;The cycle often stops abruptly causing wet clotehs and frustrating delays in my schedule. The cycle often stops abruptly causing wet clotehs and frustrating delays in my schedule. It leaks water frequently, making the laundry area a mess every time I run it. The cycle often stops abruptly causing wet clotehs and frustrating delays in my schedule. The cycle often stops abruptly causing wet clotehs and frustrating delays in my schedule.
2021-12-29;Female;40;Germany;This machne's color is dull and makes it look cheap. I find the bulky design quite unattractive and it clashes with my decor. The design feels outdated and does not appeal to me at all. This machne's color is dull and makes it look cheap.
2024-02-08;Female;43;Austria;The washer is too expensive for the features it offers, feels overpriced. I regret paying such a high price when budget models perform similarly. The washer is too expensive for the features it offers, feels overpriced. The washer is too expensive for the features it offers, feels overpriced.
2021-11-18;Female;43;Czech Republic;This washer's stylish appearance has definitely elevated my laundry room's aestehtics. The minimalist look is impressive and makes the appliance feel premium. The minimalist look is impressive and makes the appliance feel premium. The minimalist look is impressive and makes the appliance feel premium.
2023-02-04;Female;36;Germany;Given its performance and reliability, the price is very reasonable and good value. Considering the energy savings, the price point is quite attractive. Considering the energy savings, the price point is quite attractive. Considering the energy savings, the price point is quite attractive. I feel the cost is justified given the premium features included. Given its performance and reliability, the price is very reasonable and good value.
2022-01-27;Male;46;Switzerland;The minimalist look is impressive and makes the appliance feel premium. I absolutely love the sleek design, it looks very modern and fits perfectly in my home. The minimalist look is impressive and makes the appliance feel premium. This washer's stylish appearance has definitely elevated my laundry room's aestehtics. This washer's stylish appearance has definitely elevated my laundry room's aestehtics. I absolutely love the sleek design, it looks very modern and fits perfectly in my home.
2020-04-30;Female;71;Austria;The support servce was slow and unhelpful, I waited days for a response. I had to call multiple times because the service team kept transferring me. The customer servce rep seemed uninterested and couldn't solve my issue.
2025-03-11;Female;58;Germany;I find the delay timer feature adequate but not very intuitive. The cycle presets are okay but sometimes I have to manually tweak tehm. The temperature control feature is fine but could use more granular settings. The cycle presets are okay but sometimes I have to manually tweak tehm. The temperature control feature is fine but could use more granular settings.
2021-11-12;Female;43;Germany;The delayed start option is super convenient for busy mornings. The eco mode saves so much water and energy, making laundry days more sustainable. The eco mode saves so much water and energy, making laundry days more sustainable.
2024-01-11;Female;37;Austria;The customer servce was okay but took some time to get back to me. Service response was average and lacked detailed explanations. The customer servce was okay but took some time to get back to me. Service response was average and lacked detailed explanations. Service response was average and lacked detailed explanations. The customer servce was okay but took some time to get back to me. Support team was adequate, neitehr exceptionally good nor bad.
2021-03-23;Female;29;Poland;The customer servce was okay but took some time to get back to me. Service response was average and lacked detailed explanations. The customer servce was okay but took some time to get back to me. The customer servce was okay but took some time to get back to me.
2020-06-27;Male;29;Czech Republic;I absolutely love the sleek design, it looks very modern and fits perfectly in my home. I absolutely love the sleek design, it looks very modern and fits perfectly in my home. This washer's stylish appearance has definitely elevated my laundry room's aestehtics. This washer's stylish appearance has definitely elevated my laundry room's aestehtics. I absolutely love the sleek design, it looks very modern and fits perfectly in my home. I absolutely love the sleek design, it looks very modern and fits perfectly in my home.
2022-04-06;Male;29;Austria;Considering the energy savings, the price point is quite attractive. Considering the energy savings, the price point is quite attractive. I feel the cost is justified given the premium features included. Given its performance and reliability, the price is very reasonable and good value. Considering the energy savings, the price point is quite attractive.
2024-06-12;Male;25;Germany;Support team was adequate, neitehr exceptionally good nor bad. Service response was average and lacked detailed explanations. Support team was adequate, neitehr exceptionally good nor bad. Service response was average and lacked detailed explanations.
2022-06-10;Male;57;Austria;The price is standard but doesn't stand out as a bargain or a splurge. The price is standard but doesn't stand out as a bargain or a splurge. The price is standard but doesn't stand out as a bargain or a splurge. The price seems average compared to otehr machines in the market. Cost-wise, this washer is neitehr cheap nor premium, it sits in the middle. Cost-wise, this washer is neitehr cheap nor premium, it sits in the middle. The price seems average compared to otehr machines in the market.
2022-06-09;Female;21;Germany;I really enjoy the quick wash feature for those last minute clothing emergencies. I really enjoy the quick wash feature for those last minute clothing emergencies. I really enjoy the quick wash feature for those last minute clothing emergencies.
2021-09-15;Male;45;Czech Republic;The minimalist look is impressive and makes the appliance feel premium. This washer's stylish appearance has definitely elevated my laundry room's aestehtics. I absolutely love the sleek design, it looks very modern and fits perfectly in my home. I absolutely love the sleek design, it looks very modern and fits perfectly in my home. This washer's stylish appearance has definitely elevated my laundry room's aestehtics. The minimalist look is impressive and makes the appliance feel premium.
2022-02-26;Male;42;Austria;I regret paying such a high price when budget models perform similarly. The washer is too expensive for the features it offers, feels overpriced. The washer is too expensive for the features it offers, feels overpriced.
2023-08-25;Female;45;Czech Republic;This machne's color is dull and makes it look cheap. The design feels outdated and does not appeal to me at all. This machne's color is dull and makes it look cheap. The design feels outdated and does not appeal to me at all.
2020-06-21;Female;31;Austria;The washer is too expensive for the features it offers, feels overpriced. I regret paying such a high price when budget models perform similarly. I regret paying such a high price when budget models perform similarly.
2021-02-16;Female;64;Germany;It rinses fine but sometimes I still find detergent residue on my clotehs. It rinses fine but sometimes I still find detergent residue on my clotehs. It rinses fine but sometimes I still find detergent residue on my clotehs. The wash cycle works okay but nothing special to write home about. It rinses fine but sometimes I still find detergent residue on my clotehs. I guess the performance is average as it gets the job done without issues. The wash cycle works okay but nothing special to write home about.
2024-09-03;Female;37;Switzerland;The price seems average compared to otehr machines in the market. The price seems average compared to otehr machines in the market. Cost-wise, this washer is neitehr cheap nor premium, it sits in the middle. The price seems average compared to otehr machines in the market. The price is standard but doesn't stand out as a bargain or a splurge. The price is standard but doesn't stand out as a bargain or a splurge. The price seems average compared to otehr machines in the market.
2023-10-26;Male;69;Austria;This washer's stylish appearance has definitely elevated my laundry room's aestehtics. The minimalist look is impressive and makes the appliance feel premium. I absolutely love the sleek design, it looks very modern and fits perfectly in my home. This washer's stylish appearance has definitely elevated my laundry room's aestehtics. This washer's stylish appearance has definitely elevated my laundry room's aestehtics.
2023-03-02;Male;47;Czech Republic;This machne's color is dull and makes it look cheap. I find the bulky design quite unattractive and it clashes with my decor. I find the bulky design quite unattractive and it clashes with my decor. This machne's color is dull and makes it look cheap.
2023-10-24;Male;37;Switzerland;
2023-11-25;Male;63;Austria;I feel the cost is justified given the premium features included. Considering the energy savings, the price point is quite attractive. I feel the cost is justified given the premium features included.
2022-04-21;Female;21;Germany;I guess the performance is average as it gets the job done without issues. It rinses fine but sometimes I still find detergent residue on my clotehs. I guess the performance is average as it gets the job done without issues. It rinses fine but sometimes I still find detergent residue on my clotehs.
2020-06-03;Male;47;Germany;I guess the performance is average as it gets the job done without issues. The wash cycle works okay but nothing special to write home about. I guess the performance is average as it gets the job done without issues. The wash cycle works okay but nothing special to write home about. It rinses fine but sometimes I still find detergent residue on my clotehs. I guess the performance is average as it gets the job done without issues.
2019-06-13;Male;22;Austria;The absence of an app integration feature makes it inconvenient to control remotely. I wish it had a steam cycle fetura for better stain removal, it's a missed opportunity. Missing the sanitize option is disappointing as I need it for baby clotehs.
2021-02-14;Female;49;Austria;Service team was accommodating and provided clear instructions to fix the problem. The customer servce was extremely responsive and resolved my issue within hours. I got a helpful reply from the support team quickly, very professional.
2020-07-28;Male;47;Switzerland;I appreciate how quietly this machne operates during a full load. The wash and spin cycles run smoothly with no vibration and clean clotehs thoroughly. It handles large loads effortlessly while still delivering spotless results. It handles large loads effortlessly while still delivering spotless results. I appreciate how quietly this machne operates during a full load. It handles large loads effortlessly while still delivering spotless results.
2024-11-16;Female;27;Czech Republic;Given its performance and reliability, the price is very reasonable and good value. Given its performance and reliability, the price is very reasonable and good value. Considering the energy savings, the price point is quite attractive. Considering the energy savings, the price point is quite attractive. I feel the cost is justified given the premium features included.
2023-09-16;Female;46;Austria;The support servce was slow and unhelpful, I waited days for a response. The customer servce rep seemed uninterested and couldn't solve my issue. The customer servce rep seemed uninterested and couldn't solve my issue. The customer servce rep seemed uninterested and couldn't solve my issue. I had to call multiple times because the service team kept transferring me. I had to call multiple times because the service team kept transferring me. The customer servce rep seemed uninterested and couldn't solve my issue.
2024-10-02;Male;26;Germany;The delayed start option is super convenient for busy mornings. I really enjoy the quick wash feature for those last minute clothing emergencies. I really enjoy the quick wash feature for those last minute clothing emergencies. The eco mode saves so much water and energy, making laundry days more sustainable. I really enjoy the quick wash feature for those last minute clothing emergencies.
2021-01-18;Female;45;Germany;
2024-11-19;Male;65;Germany;I wish it had a steam cycle fetura for better stain removal, it's a missed opportunity. Missing the sanitize option is disappointing as I need it for baby clotehs. Missing the sanitize option is disappointing as I need it for baby clotehs. I wish it had a steam cycle fetura for better stain removal, it's a missed opportunity.
2023-04-04;Female;67;Czech Republic;I find the bulky design quite unattractive and it clashes with my decor. I find the bulky design quite unattractive and it clashes with my decor. The design feels outdated and does not appeal to me at all. This machne's color is dull and makes it look cheap. This machne's color is dull and makes it look cheap.
2019-12-09;Female;42;Germany;I really enjoy the quick wash feature for those last minute clothing emergencies. I really enjoy the quick wash feature for those last minute clothing emergencies. The eco mode saves so much water and energy, making laundry days more sustainable. I really enjoy the quick wash feature for those last minute clothing emergencies.
2021-09-24;Female;37;Poland;The temperature control feature is fine but could use more granular settings. I find the delay timer feature adequate but not very intuitive. The temperature control feature is fine but could use more granular settings. The temperature control feature is fine but could use more granular settings.
2024-07-02;Male;57;Austria;This machne's color is dull and makes it look cheap. The design feels outdated and does not appeal to me at all. I find the bulky design quite unattractive and it clashes with my decor. This machne's color is dull and makes it look cheap. This machne's color is dull and makes it look cheap. The design feels outdated and does not appeal to me at all.
2024-06-19;Female;42;Austria;
2023-09-01;Male;36;Poland;I got a helpful reply from the support team quickly, very professional. I got a helpful reply from the support team quickly, very professional. I got a helpful reply from the support team quickly, very professional. I got a helpful reply from the support team quickly, very professional.
2022-04-13;Male;33;Germany;The support servce was slow and unhelpful, I waited days for a response. The support servce was slow and unhelpful, I waited days for a response. The support servce was slow and unhelpful, I waited days for a response. The support servce was slow and unhelpful, I waited days for a response. The customer servce rep seemed uninterested and couldn't solve my issue.
2020-04-11;Male;55;Czech Republic;Support team was adequate, neitehr exceptionally good nor bad. Service response was average and lacked detailed explanations. Support team was adequate, neitehr exceptionally good nor bad. Support team was adequate, neitehr exceptionally good nor bad.
2025-01-12;Male;42;Germany;The minimalist look is impressive and makes the appliance feel premium. This washer's stylish appearance has definitely elevated my laundry room's aestehtics. I absolutely love the sleek design, it looks very modern and fits perfectly in my home.
2022-12-28;Female;50;Austria;The customer servce was okay but took some time to get back to me. Service response was average and lacked detailed explanations. Service response was average and lacked detailed explanations.
2020-03-21;Male;54;Poland;The wash and spin cycles run smoothly with no vibration and clean clotehs thoroughly. The wash and spin cycles run smoothly with no vibration and clean clotehs thoroughly. It handles large loads effortlessly while still delivering spotless results. The wash and spin cycles run smoothly with no vibration and clean clotehs thoroughly.
2020-09-11;Female;38;Germany;I absolutely love the sleek design, it looks very modern and fits perfectly in my home. This washer's stylish appearance has definitely elevated my laundry room's aestehtics. This washer's stylish appearance has definitely elevated my laundry room's aestehtics. This washer's stylish appearance has definitely elevated my laundry room's aestehtics.
2019-06-25;Female;66;Germany;
2021-03-15;Female;28;Germany;Support team was adequate, neitehr exceptionally good nor bad. The customer servce was okay but took some time to get back to me. Support team was adequate, neitehr exceptionally good nor bad.
2019-05-03;Male;36;Austria;The cost doesn't match the quality, I expected more at this price. I regret paying such a high price when budget models perform similarly. The cost doesn't match the quality, I expected more at this price. The washer is too expensive for the features it offers, feels overpriced. The cost doesn't match the quality, I expected more at this price. The cost doesn't match the quality, I expected more at this price.
2025-03-19;Male;52;Germany;The spin cycle is noisy and shakes violently, which is very concerning. It leaks water frequently, making the laundry area a mess every time I run it. It leaks water frequently, making the laundry area a mess every time I run it. It leaks water frequently, making the laundry area a mess every time I run it. The spin cycle is noisy and shakes violently, which is very concerning. The cycle often stops abruptly causing wet clotehs and frustrating delays in my schedule. The spin cycle is noisy and shakes violently, which is very concerning.
2021-07-21;Male;22;Austria;It leaks water frequently, making the laundry area a mess every time I run it. The cycle often stops abruptly causing wet clotehs and frustrating delays in my schedule. The cycle often stops abruptly causing wet clotehs and frustrating delays in my schedule. It leaks water frequently, making the laundry area a mess every time I run it.
2020-01-09;Male;42;Germany;This machne's color is dull and makes it look cheap. The design feels outdated and does not appeal to me at all. This machne's color is dull and makes it look cheap. This machne's color is dull and makes it look cheap.
2022-10-23;Male;30;Austria;
2020-12-03;Female;70;Czech Republic;The wash and spin cycles run smoothly with no vibration and clean clotehs thoroughly. The wash and spin cycles run smoothly with no vibration and clean clotehs thoroughly. I appreciate how quietly this machne operates during a full load. The wash and spin cycles run smoothly with no vibration and clean clotehs thoroughly. I appreciate how quietly this machne operates during a full load. It handles large loads effortlessly while still delivering spotless results.
2021-10-11;Male;46;Germany;I appreciate how quietly this machne operates during a full load. It handles large loads effortlessly while still delivering spotless results. It handles large loads effortlessly while still delivering spotless results. The wash and spin cycles run smoothly with no vibration and clean clotehs thoroughly. The wash and spin cycles run smoothly with no vibration and clean clotehs thoroughly. I appreciate how quietly this machne operates during a full load. The wash and spin cycles run smoothly with no vibration and clean clotehs thoroughly.
2022-02-14;Female;47;Switzerland;The minimalist look is impressive and makes the appliance feel premium. I absolutely love the sleek design, it looks very modern and fits perfectly in my home. The minimalist look is impressive and makes the appliance feel premium. The minimalist look is impressive and makes the appliance feel premium. This washer's stylish appearance has definitely elevated my laundry room's aestehtics.
2023-11-27;Female;44;Germany;I had to call multiple times because the service team kept transferring me. I had to call multiple times because the service team kept transferring me. I had to call multiple times because the service team kept transferring me.
2024-07-09;Male;48;Germany;The customer servce was okay but took some time to get back to me. Service response was average and lacked detailed explanations. The customer servce was okay but took some time to get back to me. Support team was adequate, neitehr exceptionally good nor bad.
2019-05-16;Male;52;Germany;The temperature control feature is fine but could use more granular settings. I find the delay timer feature adequate but not very intuitive. I find the delay timer feature adequate but not very intuitive.
2022-08-05;Male;38;Austria;It rinses fine but sometimes I still find detergent residue on my clotehs. It rinses fine but sometimes I still find detergent residue on my clotehs. The wash cycle works okay but nothing special to write home about. The wash cycle works okay but nothing special to write home about. The wash cycle works okay but nothing special to write home about. The wash cycle works okay but nothing special to write home about. It rinses fine but sometimes I still find detergent residue on my clotehs.
2024-11-11;Female;33;Poland;The eco mode saves so much water and energy, making laundry days more sustainable. The delayed start option is super convenient for busy mornings. I really enjoy the quick wash feature for those last minute clothing emergencies.
2022-08-23;Female;56;Austria;Cost-wise, this washer is neitehr cheap nor premium, it sits in the middle. The price is standard but doesn't stand out as a bargain or a splurge. The price is standard but doesn't stand out as a bargain or a splurge. The price seems average compared to otehr machines in the market. The price is standard but doesn't stand out as a bargain or a splurge.
2022-06-04;Female;37;Switzerland;This washer's stylish appearance has definitely elevated my laundry room's aestehtics. The minimalist look is impressive and makes the appliance feel premium. This washer's stylish appearance has definitely elevated my laundry room's aestehtics.
2022-12-23;Female;29;Germany;The absence of an app integration feature makes it inconvenient to control remotely. I wish it had a steam cycle fetura for better stain removal, it's a missed opportunity. Missing the sanitize option is disappointing as I need it for baby clotehs. The absence of an app integration feature makes it inconvenient to control remotely.
2020-11-03;Female;65;Germany;The customer servce was okay but took some time to get back to me. Service response was average and lacked detailed explanations. Support team was adequate, neitehr exceptionally good nor bad. The customer servce was okay but took some time to get back to me.
2024-07-02;Female;36;Austria;This machne's color is dull and makes it look cheap. This machne's color is dull and makes it look cheap. The design feels outdated and does not appeal to me at all.
2020-06-22;Male;66;Austria;The price seems average compared to otehr machines in the market. The price seems average compared to otehr machines in the market. The price seems average compared to otehr machines in the market. The price seems average compared to otehr machines in the market. The price seems average compared to otehr machines in the market.
2023-08-18;Male;31;Czech Republic;I find the bulky design quite unattractive and it clashes with my decor. I find the bulky design quite unattractive and it clashes with my decor. The design feels outdated and does not appeal to me at all. The design feels outdated and does not appeal to me at all. I find the bulky design quite unattractive and it clashes with my decor. This machne's color is dull and makes it look cheap.
2022-11-15;Male;30;Austria;The support servce was slow and unhelpful, I waited days for a response. The support servce was slow and unhelpful, I waited days for a response. I had to call multiple times because the service team kept transferring me. The support servce was slow and unhelpful, I waited days for a response. The customer servce rep seemed uninterested and couldn't solve my issue. I had to call multiple times because the service team kept transferring me. The customer servce rep seemed uninterested and couldn't solve my issue.
2020-09-07;Female;41;Czech Republic;It handles large loads effortlessly while still delivering spotless results. The wash and spin cycles run smoothly with no vibration and clean clotehs thoroughly. The wash and spin cycles run smoothly with no vibration and clean clotehs thoroughly. It handles large loads effortlessly while still delivering spotless results. I appreciate how quietly this machne operates during a full load. The wash and spin cycles run smoothly with no vibration and clean clotehs thoroughly.
2025-04-05;Female;65;Austria;I got a helpful reply from the support team quickly, very professional. I got a helpful reply from the support team quickly, very professional. I got a helpful reply from the support team quickly, very professional. I got a helpful reply from the support team quickly, very professional. I got a helpful reply from the support team quickly, very professional. I got a helpful reply from the support team quickly, very professional. I got a helpful reply from the support team quickly, very professional.
2019-12-03;Male;47;Switzerland;The delayed start option is super convenient for busy mornings. The eco mode saves so much water and energy, making laundry days more sustainable. I really enjoy the quick wash feature for those last minute clothing emergencies.
2020-01-22;Male;32;Austria;I absolutely love the sleek design, it looks very modern and fits perfectly in my home. This washer's stylish appearance has definitely elevated my laundry room's aestehtics. This washer's stylish appearance has definitely elevated my laundry room's aestehtics. I absolutely love the sleek design, it looks very modern and fits perfectly in my home. I absolutely love the sleek design, it looks very modern and fits perfectly in my home.
2019-11-20;Male;44;Czech Republic;Cost-wise, this washer is neitehr cheap nor premium, it sits in the middle. The price seems average compared to otehr machines in the market. The price is standard but doesn't stand out as a bargain or a splurge. Cost-wise, this washer is neitehr cheap nor premium, it sits in the middle. Cost-wise, this washer is neitehr cheap nor premium, it sits in the middle.
2022-04-06;Male;37;Switzerland;The eco mode saves so much water and energy, making laundry days more sustainable. The delayed start option is super convenient for busy mornings. The eco mode saves so much water and energy, making laundry days more sustainable. The delayed start option is super convenient for busy mornings. The delayed start option is super convenient for busy mornings. I really enjoy the quick wash feature for those last minute clothing emergencies.
2024-04-21;Female;50;Germany;I regret paying such a high price when budget models perform similarly. The cost doesn't match the quality, I expected more at this price. The cost doesn't match the quality, I expected more at this price. The washer is too expensive for the features it offers, feels overpriced. The washer is too expensive for the features it offers, feels overpriced. I regret paying such a high price when budget models perform similarly.
2023-06-30;Male;53;Czech Republic;The delayed start option is super convenient for busy mornings. I really enjoy the quick wash feature for those last minute clothing emergencies. The delayed start option is super convenient for busy mornings. The eco mode saves so much water and energy, making laundry days more sustainable. The eco mode saves so much water and energy, making laundry days more sustainable.
2022-11-13;Female;31;Switzerland;I feel the cost is justified given the premium features included. Considering the energy savings, the price point is quite attractive. Considering the energy savings, the price point is quite attractive. Considering the energy savings, the price point is quite attractive. I feel the cost is justified given the premium features included. Considering the energy savings, the price point is quite attractive.
2024-11-27;Male;55;Austria;I had to call multiple times because the service team kept transferring me. The support servce was slow and unhelpful, I waited days for a response. The customer servce rep seemed uninterested and couldn't solve my issue.
2024-03-13;Female;48;Switzerland;Support team was adequate, neitehr exceptionally good nor bad. The customer servce was okay but took some time to get back to me. Service response was average and lacked detailed explanations. Support team was adequate, neitehr exceptionally good nor bad. Service response was average and lacked detailed explanations.
2025-04-23;Female;47;Austria;This machne's color is dull and makes it look cheap. The design feels outdated and does not appeal to me at all. The design feels outdated and does not appeal to me at all. This machne's color is dull and makes it look cheap. The design feels outdated and does not appeal to me at all.
2023-02-09;Female;40;Switzerland;Service response was average and lacked detailed explanations. Support team was adequate, neitehr exceptionally good nor bad. Service response was average and lacked detailed explanations. The customer servce was okay but took some time to get back to me. The customer servce was okay but took some time to get back to me. Service response was average and lacked detailed explanations.
2019-12-25;Male;40;Austria;
2021-11-11;Male;51;Germany;I had to call multiple times because the service team kept transferring me. I had to call multiple times because the service team kept transferring me. The support servce was slow and unhelpful, I waited days for a response.
2024-07-22;Male;47;Germany;The delayed start option is super convenient for busy mornings. I really enjoy the quick wash feature for those last minute clothing emergencies. I really enjoy the quick wash feature for those last minute clothing emergencies. The delayed start option is super convenient for busy mornings. The eco mode saves so much water and energy, making laundry days more sustainable. The delayed start option is super convenient for busy mornings. I really enjoy the quick wash feature for those last minute clothing emergencies.
2023-10-23;Female;52;Switzerland;The price seems average compared to otehr machines in the market. The price is standard but doesn't stand out as a bargain or a splurge. Cost-wise, this washer is neitehr cheap nor premium, it sits in the middle.
2022-04-11;Female;45;Poland;The cycle often stops abruptly causing wet clotehs and frustrating delays in my schedule. The spin cycle is noisy and shakes violently, which is very concerning. It leaks water frequently, making the laundry area a mess every time I run it. The cycle often stops abruptly causing wet clotehs and frustrating delays in my schedule.
2023-09-16;Male;27;Austria;The cycle often stops abruptly causing wet clotehs and frustrating delays in my schedule. The cycle often stops abruptly causing wet clotehs and frustrating delays in my schedule. It leaks water frequently, making the laundry area a mess every time I run it. The cycle often stops abruptly causing wet clotehs and frustrating delays in my schedule.
2022-08-09;Male;35;Germany;Service team was accommodating and provided clear instructions to fix the problem. Service team was accommodating and provided clear instructions to fix the problem. The customer servce was extremely responsive and resolved my issue within hours. I got a helpful reply from the support team quickly, very professional. Service team was accommodating and provided clear instructions to fix the problem.
2021-07-03;Male;29;Austria;The wash cycle works okay but nothing special to write home about. I guess the performance is average as it gets the job done without issues. It rinses fine but sometimes I still find detergent residue on my clotehs. It rinses fine but sometimes I still find detergent residue on my clotehs. It rinses fine but sometimes I still find detergent residue on my clotehs.
2024-12-27;Female;58;Germany;The price seems average compared to otehr machines in the market. The price seems average compared to otehr machines in the market. Cost-wise, this washer is neitehr cheap nor premium, it sits in the middle.
2022-10-13;Male;43;Austria;The washer is too expensive for the features it offers, feels overpriced. I regret paying such a high price when budget models perform similarly. I regret paying such a high price when budget models perform similarly. The cost doesn't match the quality, I expected more at this price.
2022-01-13;Female;59;Austria;The temperature control feature is fine but could use more granular settings. I find the delay timer feature adequate but not very intuitive. The cycle presets are okay but sometimes I have to manually tweak tehm. The cycle presets are okay but sometimes I have to manually tweak tehm. The temperature control feature is fine but could use more granular settings.
2022-04-15;Female;59;Germany;
2019-10-28;Female;53;Germany;I got a helpful reply from the support team quickly, very professional. I got a helpful reply from the support team quickly, very professional. The customer servce was extremely responsive and resolved my issue within hours. I got a helpful reply from the support team quickly, very professional.
2023-05-10;Female;41;Austria;
2020-09-23;Female;45;Germany;I appreciate how quietly this machne operates during a full load. I appreciate how quietly this machne operates during a full load. It handles large loads effortlessly while still delivering spotless results. I appreciate how quietly this machne operates during a full load.
2022-12-21;Female;23;Austria;
2022-11-11;Female;54;Germany;I got a helpful reply from the support team quickly, very professional. The customer servce was extremely responsive and resolved my issue within hours. The customer servce was extremely responsive and resolved my issue within hours.
2019-07-19;Female;49;Switzerland;I wish it had a steam cycle fetura for better stain removal, it's a missed opportunity. I wish it had a steam cycle fetura for better stain removal, it's a missed opportunity. Missing the sanitize option is disappointing as I need it for baby clotehs. I wish it had a steam cycle fetura for better stain removal, it's a missed opportunity. I wish it had a steam cycle fetura for better stain removal, it's a missed opportunity.
2022-10-04;Female;45;Germany;Cost-wise, this washer is neitehr cheap nor premium, it sits in the middle. The price is standard but doesn't stand out as a bargain or a splurge. The price is standard but doesn't stand out as a bargain or a splurge. The price is standard but doesn't stand out as a bargain or a splurge.
2020-08-27;Female;40;Austria;I find the bulky design quite unattractive and it clashes with my decor. The design feels outdated and does not appeal to me at all. I find the bulky design quite unattractive and it clashes with my decor. This machne's color is dull and makes it look cheap. I find the bulky design quite unattractive and it clashes with my decor.
2021-04-17;Male;36;Germany;The cycle presets are okay but sometimes I have to manually tweak tehm. I find the delay timer feature adequate but not very intuitive. The temperature control feature is fine but could use more granular settings. The cycle presets are okay but sometimes I have to manually tweak tehm. I find the delay timer feature adequate but not very intuitive. The cycle presets are okay but sometimes I have to manually tweak tehm.
2023-02-23;Male;38;Austria;I had to call multiple times because the service team kept transferring me. I had to call multiple times because the service team kept transferring me. The support servce was slow and unhelpful, I waited days for a response. The support servce was slow and unhelpful, I waited days for a response.
2019-09-17;Male;34;Austria;
2024-04-12;Female;64;Germany;
2024-04-28;Male;38;Austria;The price is standard but doesn't stand out as a bargain or a splurge. The price is standard but doesn't stand out as a bargain or a splurge. The price seems average compared to otehr machines in the market.
2025-02-19;Male;50;Czech Republic;
2021-08-12;Female;36;Austria;I had to call multiple times because the service team kept transferring me. The support servce was slow and unhelpful, I waited days for a response. The customer servce rep seemed uninterested and couldn't solve my issue.
2020-11-30;Female;40;Czech Republic;I really enjoy the quick wash feature for those last minute clothing emergencies. The eco mode saves so much water and energy, making laundry days more sustainable. The eco mode saves so much water and energy, making laundry days more sustainable. The delayed start option is super convenient for busy mornings. The delayed start option is super convenient for busy mornings.
2021-04-07;Male;40;Poland;The eco mode saves so much water and energy, making laundry days more sustainable. The eco mode saves so much water and energy, making laundry days more sustainable. The eco mode saves so much water and energy, making laundry days more sustainable. The eco mode saves so much water and energy, making laundry days more sustainable. The delayed start option is super convenient for busy mornings. The delayed start option is super convenient for busy mornings. The eco mode saves so much water and energy, making laundry days more sustainable.
2024-10-22;Female;61;Austria;Service response was average and lacked detailed explanations. The customer servce was okay but took some time to get back to me. Service response was average and lacked detailed explanations. The customer servce was okay but took some time to get back to me. Service response was average and lacked detailed explanations. Service response was average and lacked detailed explanations.
2022-11-02;Female;30;Germany;I had to call multiple times because the service team kept transferring me. I had to call multiple times because the service team kept transferring me. The support servce was slow and unhelpful, I waited days for a response. The support servce was slow and unhelpful, I waited days for a response. I had to call multiple times because the service team kept transferring me.
2019-11-21;Female;45;Germany;The wash cycle works okay but nothing special to write home about. It rinses fine but sometimes I still find detergent residue on my clotehs. It rinses fine but sometimes I still find detergent residue on my clotehs. I guess the performance is average as it gets the job done without issues. The wash cycle works okay but nothing special to write home about. It rinses fine but sometimes I still find detergent residue on my clotehs. The wash cycle works okay but nothing special to write home about.
2021-07-11;Male;54;Germany;
2024-06-03;Female;24;Czech Republic;The cycle often stops abruptly causing wet clotehs and frustrating delays in my schedule. The spin cycle is noisy and shakes violently, which is very concerning. The cycle often stops abruptly causing wet clotehs and frustrating delays in my schedule. The cycle often stops abruptly causing wet clotehs and frustrating delays in my schedule. The cycle often stops abruptly causing wet clotehs and frustrating delays in my schedule.
2025-03-19;Male;67;Germany;
2021-08-23;Male;69;Switzerland;The price is standard but doesn't stand out as a bargain or a splurge. Cost-wise, this washer is neitehr cheap nor premium, it sits in the middle. Cost-wise, this washer is neitehr cheap nor premium, it sits in the middle. Cost-wise, this washer is neitehr cheap nor premium, it sits in the middle.
2025-02-05;Male;40;Austria;Missing the sanitize option is disappointing as I need it for baby clotehs. I wish it had a steam cycle fetura for better stain removal, it's a missed opportunity. Missing the sanitize option is disappointing as I need it for baby clotehs.
2023-01-16;Female;33;Austria;The price is standard but doesn't stand out as a bargain or a splurge. Cost-wise, this washer is neitehr cheap nor premium, it sits in the middle. The price seems average compared to otehr machines in the market. The price seems average compared to otehr machines in the market.
2020-09-25;Female;71;Austria;
2021-07-08;Female;41;Switzerland;The minimalist look is impressive and makes the appliance feel premium. This washer's stylish appearance has definitely elevated my laundry room's aestehtics. The minimalist look is impressive and makes the appliance feel premium.
2019-09-19;Female;55;Germany;The washer is too expensive for the features it offers, feels overpriced. I regret paying such a high price when budget models perform similarly. The cost doesn't match the quality, I expected more at this price. I regret paying such a high price when budget models perform similarly. I regret paying such a high price when budget models perform similarly. The cost doesn't match the quality, I expected more at this price.
2024-08-21;Male;24;Switzerland;
2024-07-26;Female;24;Germany;The support servce was slow and unhelpful, I waited days for a response. The customer servce rep seemed uninterested and couldn't solve my issue. I had to call multiple times because the service team kept transferring me. The support servce was slow and unhelpful, I waited days for a response. I had to call multiple times because the service team kept transferring me.
2020-04-29;Female;43;Austria;The temperature control feature is fine but could use more granular settings. The cycle presets are okay but sometimes I have to manually tweak tehm. The temperature control feature is fine but could use more granular settings. The cycle presets are okay but sometimes I have to manually tweak tehm. The temperature control feature is fine but could use more granular settings.
2023-06-28;Male;61;Austria;It rinses fine but sometimes I still find detergent residue on my clotehs. I guess the performance is average as it gets the job done without issues. It rinses fine but sometimes I still find detergent residue on my clotehs. I guess the performance is average as it gets the job done without issues. I guess the performance is average as it gets the job done without issues. It rinses fine but sometimes I still find detergent residue on my clotehs.
2021-12-28;Female;41;Germany;Service response was average and lacked detailed explanations. Service response was average and lacked detailed explanations. The customer servce was okay but took some time to get back to me. The customer servce was okay but took some time to get back to me.
2024-11-09;Male;33;Austria;The wash cycle works okay but nothing special to write home about. I guess the performance is average as it gets the job done without issues. The wash cycle works okay but nothing special to write home about. It rinses fine but sometimes I still find detergent residue on my clotehs. I guess the performance is average as it gets the job done without issues. The wash cycle works okay but nothing special to write home about.
2019-08-10;Female;36;Czech Republic;Support team was adequate, neitehr exceptionally good nor bad. Service response was average and lacked detailed explanations. The customer servce was okay but took some time to get back to me. Support team was adequate, neitehr exceptionally good nor bad. Support team was adequate, neitehr exceptionally good nor bad. The customer servce was okay but took some time to get back to me.
2022-09-20;Male;45;Switzerland;Service team was accommodating and provided clear instructions to fix the problem. The customer servce was extremely responsive and resolved my issue within hours. Service team was accommodating and provided clear instructions to fix the problem. I got a helpful reply from the support team quickly, very professional.
2024-10-28;Female;62;Germany;
2024-07-30;Female;39;Germany;The cycle often stops abruptly causing wet clotehs and frustrating delays in my schedule. It leaks water frequently, making the laundry area a mess every time I run it. It leaks water frequently, making the laundry area a mess every time I run it. The spin cycle is noisy and shakes violently, which is very concerning. It leaks water frequently, making the laundry area a mess every time I run it. The spin cycle is noisy and shakes violently, which is very concerning. The cycle often stops abruptly causing wet clotehs and frustrating delays in my schedule.
2023-09-20;Male;59;Austria;Service team was accommodating and provided clear instructions to fix the problem. I got a helpful reply from the support team quickly, very professional. I got a helpful reply from the support team quickly, very professional.
2022-09-13;Female;46;Switzerland;
2020-09-14;Male;25;Czech Republic;The customer servce was extremely responsive and resolved my issue within hours. The customer servce was extremely responsive and resolved my issue within hours. Service team was accommodating and provided clear instructions to fix the problem.
2019-08-17;Female;61;Poland;
2021-12-17;Male;26;Czech Republic;This washer's stylish appearance has definitely elevated my laundry room's aestehtics. I absolutely love the sleek design, it looks very modern and fits perfectly in my home. The minimalist look is impressive and makes the appliance feel premium. I absolutely love the sleek design, it looks very modern and fits perfectly in my home.
2021-02-14;Male;36;Germany;I got a helpful reply from the support team quickly, very professional. Service team was accommodating and provided clear instructions to fix the problem. The customer servce was extremely responsive and resolved my issue within hours. Service team was accommodating and provided clear instructions to fix the problem.
2021-10-12;Male;67;Germany;
2023-04-12;Male;19;Austria;I regret paying such a high price when budget models perform similarly. I regret paying such a high price when budget models perform similarly. I regret paying such a high price when budget models perform similarly. The washer is too expensive for the features it offers, feels overpriced. The washer is too expensive for the features it offers, feels overpriced. I regret paying such a high price when budget models perform similarly.
2020-11-29;Female;50;Switzerland;The price is standard but doesn't stand out as a bargain or a splurge. Cost-wise, this washer is neitehr cheap nor premium, it sits in the middle. The price is standard but doesn't stand out as a bargain or a splurge. The price is standard but doesn't stand out as a bargain or a splurge. The price is standard but doesn't stand out as a bargain or a splurge. The price is standard but doesn't stand out as a bargain or a splurge.
2022-05-08;Male;33;Austria;Support team was adequate, neitehr exceptionally good nor bad. The customer servce was okay but took some time to get back to me. The customer servce was okay but took some time to get back to me. Support team was adequate, neitehr exceptionally good nor bad. The customer servce was okay but took some time to get back to me.
2020-09-20;Male;55;Switzerland;The absence of an app integration feature makes it inconvenient to control remotely. The absence of an app integration feature makes it inconvenient to control remotely. Missing the sanitize option is disappointing as I need it for baby clotehs. Missing the sanitize option is disappointing as I need it for baby clotehs. The absence of an app integration feature makes it inconvenient to control remotely. I wish it had a steam cycle fetura for better stain removal, it's a missed opportunity. The absence of an app integration feature makes it inconvenient to control remotely.
2022-07-22;Male;24;Germany;I find the delay timer feature adequate but not very intuitive. I find the delay timer feature adequate but not very intuitive. The temperature control feature is fine but could use more granular settings. The temperature control feature is fine but could use more granular settings. I find the delay timer feature adequate but not very intuitive.
2023-02-10;Female;31;Germany;The temperature control feature is fine but could use more granular settings. The temperature control feature is fine but could use more granular settings. The cycle presets are okay but sometimes I have to manually tweak tehm. The cycle presets are okay but sometimes I have to manually tweak tehm.
2019-10-08;Female;45;Germany;The temperature control feature is fine but could use more granular settings. The temperature control feature is fine but could use more granular settings. The temperature control feature is fine but could use more granular settings. The cycle presets are okay but sometimes I have to manually tweak tehm.
2021-04-09;Female;35;Switzerland;Service response was average and lacked detailed explanations. The customer servce was okay but took some time to get back to me. The customer servce was okay but took some time to get back to me. The customer servce was okay but took some time to get back to me. The customer servce was okay but took some time to get back to me. Support team was adequate, neitehr exceptionally good nor bad. The customer servce was okay but took some time to get back to me.
2022-02-13;Female;44;Czech Republic;I absolutely love the sleek design, it looks very modern and fits perfectly in my home. I absolutely love the sleek design, it looks very modern and fits perfectly in my home. I absolutely love the sleek design, it looks very modern and fits perfectly in my home. This washer's stylish appearance has definitely elevated my laundry room's aestehtics. The minimalist look is impressive and makes the appliance feel premium. The minimalist look is impressive and makes the appliance feel premium.
2024-04-29;Male;66;Czech Republic;I find the delay timer feature adequate but not very intuitive. I find the delay timer feature adequate but not very intuitive. The cycle presets are okay but sometimes I have to manually tweak tehm. I find the delay timer feature adequate but not very intuitive.
2025-04-10;Male;52;Germany;I appreciate how quietly this machne operates during a full load. I appreciate how quietly this machne operates during a full load. It handles large loads effortlessly while still delivering spotless results.
2020-04-01;Male;43;Poland;Service response was average and lacked detailed explanations. Service response was average and lacked detailed explanations. Service response was average and lacked detailed explanations. Support team was adequate, neitehr exceptionally good nor bad.
2024-12-14;Female;30;Austria;I find the bulky design quite unattractive and it clashes with my decor. I find the bulky design quite unattractive and it clashes with my decor. The design feels outdated and does not appeal to me at all. The design feels outdated and does not appeal to me at all.
2023-03-26;Male;45;Austria;The customer servce was okay but took some time to get back to me. Service response was average and lacked detailed explanations. The customer servce was okay but took some time to get back to me. The customer servce was okay but took some time to get back to me. Service response was average and lacked detailed explanations.
2024-09-27;Male;47;Germany;The cost doesn't match the quality, I expected more at this price. I regret paying such a high price when budget models perform similarly. I regret paying such a high price when budget models perform similarly. The cost doesn't match the quality, I expected more at this price. The washer is too expensive for the features it offers, feels overpriced. The cost doesn't match the quality, I expected more at this price. I regret paying such a high price when budget models perform similarly.
2020-01-09;Female;32;Germany;
2019-09-07;Female;41;Germany;The spin cycle is noisy and shakes violently, which is very concerning. The spin cycle is noisy and shakes violently, which is very concerning. The spin cycle is noisy and shakes violently, which is very concerning. The spin cycle is noisy and shakes violently, which is very concerning. The spin cycle is noisy and shakes violently, which is very concerning.
2019-08-27;Male;47;Czech Republic;This washer's stylish appearance has definitely elevated my laundry room's aestehtics. This washer's stylish appearance has definitely elevated my laundry room's aestehtics. The minimalist look is impressive and makes the appliance feel premium. This washer's stylish appearance has definitely elevated my laundry room's aestehtics. This washer's stylish appearance has definitely elevated my laundry room's aestehtics. I absolutely love the sleek design, it looks very modern and fits perfectly in my home. This washer's stylish appearance has definitely elevated my laundry room's aestehtics.
2024-06-11;Female;38;Austria;Given its performance and reliability, the price is very reasonable and good value. I feel the cost is justified given the premium features included. Given its performance and reliability, the price is very reasonable and good value. I feel the cost is justified given the premium features included.
2023-11-22;Male;43;Germany;The price is standard but doesn't stand out as a bargain or a splurge. The price seems average compared to otehr machines in the market. Cost-wise, this washer is neitehr cheap nor premium, it sits in the middle. The price is standard but doesn't stand out as a bargain or a splurge. The price is standard but doesn't stand out as a bargain or a splurge. The price seems average compared to otehr machines in the market. Cost-wise, this washer is neitehr cheap nor premium, it sits in the middle.
2021-11-11;Male;47;Poland;Support team was adequate, neitehr exceptionally good nor bad. Support team was adequate, neitehr exceptionally good nor bad. Service response was average and lacked detailed explanations. Support team was adequate, neitehr exceptionally good nor bad. Service response was average and lacked detailed explanations. Support team was adequate, neitehr exceptionally good nor bad. Service response was average and lacked detailed explanations.
2021-05-27;Female;25;Poland;The cycle often stops abruptly causing wet clotehs and frustrating delays in my schedule. It leaks water frequently, making the laundry area a mess every time I run it. The spin cycle is noisy and shakes violently, which is very concerning. The cycle often stops abruptly causing wet clotehs and frustrating delays in my schedule.
2024-04-23;Female;51;Germany;I feel the cost is justified given the premium features included. Given its performance and reliability, the price is very reasonable and good value. Given its performance and reliability, the price is very reasonable and good value. Given its performance and reliability, the price is very reasonable and good value.
2022-03-07;Female;56;Poland;The absence of an app integration feature makes it inconvenient to control remotely. I wish it had a steam cycle fetura for better stain removal, it's a missed opportunity. Missing the sanitize option is disappointing as I need it for baby clotehs. I wish it had a steam cycle fetura for better stain removal, it's a missed opportunity.
2019-08-22;Female;36;Poland;Missing the sanitize option is disappointing as I need it for baby clotehs. Missing the sanitize option is disappointing as I need it for baby clotehs. I wish it had a steam cycle fetura for better stain removal, it's a missed opportunity.
2022-01-30;Male;35;Germany;The cycle presets are okay but sometimes I have to manually tweak tehm. The cycle presets are okay but sometimes I have to manually tweak tehm. I find the delay timer feature adequate but not very intuitive. I find the delay timer feature adequate but not very intuitive.
2022-10-29;Male;51;Austria;I find the bulky design quite unattractive and it clashes with my decor. This machne's color is dull and makes it look cheap. The design feels outdated and does not appeal to me at all. The design feels outdated and does not appeal to me at all. I find the bulky design quite unattractive and it clashes with my decor. This machne's color is dull and makes it look cheap. The design feels outdated and does not appeal to me at all.
2024-03-19;Male;53;Austria;I feel the cost is justified given the premium features included. Considering the energy savings, the price point is quite attractive. Considering the energy savings, the price point is quite attractive.
2021-12-11;Male;70;Czech Republic;Support team was adequate, neitehr exceptionally good nor bad. Service response was average and lacked detailed explanations. The customer servce was okay but took some time to get back to me.
2020-01-19;Female;43;Austria;I really enjoy the quick wash feature for those last minute clothing emergencies. The eco mode saves so much water and energy, making laundry days more sustainable. I really enjoy the quick wash feature for those last minute clothing emergencies. The eco mode saves so much water and energy, making laundry days more sustainable. I really enjoy the quick wash feature for those last minute clothing emergencies.
2024-10-30;Male;57;Czech Republic;It rinses fine but sometimes I still find detergent residue on my clotehs. I guess the performance is average as it gets the job done without issues. It rinses fine but sometimes I still find detergent residue on my clotehs. I guess the performance is average as it gets the job done without issues.
2021-11-17;Female;29;Switzerland;I absolutely love the sleek design, it looks very modern and fits perfectly in my home. This washer's stylish appearance has definitely elevated my laundry room's aestehtics. I absolutely love the sleek design, it looks very modern and fits perfectly in my home. This washer's stylish appearance has definitely elevated my laundry room's aestehtics. I absolutely love the sleek design, it looks very modern and fits perfectly in my home.
2021-07-20;Female;47;Austria;I guess the performance is average as it gets the job done without issues. I guess the performance is average as it gets the job done without issues. The wash cycle works okay but nothing special to write home about. The wash cycle works okay but nothing special to write home about.
2023-06-26;Male;50;Switzerland;I find the bulky design quite unattractive and it clashes with my decor. The design feels outdated and does not appeal to me at all. The design feels outdated and does not appeal to me at all. The design feels outdated and does not appeal to me at all. The design feels outdated and does not appeal to me at all. I find the bulky design quite unattractive and it clashes with my decor. This machne's color is dull and makes it look cheap.
2019-05-23;Female;54;Germany;I appreciate how quietly this machne operates during a full load. It handles large loads effortlessly while still delivering spotless results. I appreciate how quietly this machne operates during a full load. It handles large loads effortlessly while still delivering spotless results. It handles large loads effortlessly while still delivering spotless results. The wash and spin cycles run smoothly with no vibration and clean clotehs thoroughly.
2020-07-11;Female;33;Switzerland;The spin cycle is noisy and shakes violently, which is very concerning. The cycle often stops abruptly causing wet clotehs and frustrating delays in my schedule. The cycle often stops abruptly causing wet clotehs and frustrating delays in my schedule. The cycle often stops abruptly causing wet clotehs and frustrating delays in my schedule. It leaks water frequently, making the laundry area a mess every time I run it. It leaks water frequently, making the laundry area a mess every time I run it. The spin cycle is noisy and shakes violently, which is very concerning.
2025-04-21;Female;39;Poland;I had to call multiple times because the service team kept transferring me. The support servce was slow and unhelpful, I waited days for a response. The customer servce rep seemed uninterested and couldn't solve my issue. The support servce was slow and unhelpful, I waited days for a response. The support servce was slow and unhelpful, I waited days for a response. The support servce was slow and unhelpful, I waited days for a response.
2022-08-22;Female;36;Czech Republic;It rinses fine but sometimes I still find detergent residue on my clotehs. I guess the performance is average as it gets the job done without issues. I guess the performance is average as it gets the job done without issues. It rinses fine but sometimes I still find detergent residue on my clotehs.
2025-03-06;Female;25;Switzerland;It rinses fine but sometimes I still find detergent residue on my clotehs. I guess the performance is average as it gets the job done without issues. I guess the performance is average as it gets the job done without issues.
2022-11-09;Female;74;Czech Republic;Service response was average and lacked detailed explanations. The customer servce was okay but took some time to get back to me. Support team was adequate, neitehr exceptionally good nor bad. Service response was average and lacked detailed explanations. Service response was average and lacked detailed explanations. Support team was adequate, neitehr exceptionally good nor bad. Service response was average and lacked detailed explanations.
2023-06-23;Male;63;Switzerland;I had to call multiple times because the service team kept transferring me. The customer servce rep seemed uninterested and couldn't solve my issue. The customer servce rep seemed uninterested and couldn't solve my issue. The support servce was slow and unhelpful, I waited days for a response. The customer servce rep seemed uninterested and couldn't solve my issue.
2020-04-12;Male;70;Austria;It rinses fine but sometimes I still find detergent residue on my clotehs. The wash cycle works okay but nothing special to write home about. I guess the performance is average as it gets the job done without issues.
2022-08-11;Female;49;Czech Republic;I find the bulky design quite unattractive and it clashes with my decor. This machne's color is dull and makes it look cheap. The design feels outdated and does not appeal to me at all. The design feels outdated and does not appeal to me at all. I find the bulky design quite unattractive and it clashes with my decor. This machne's color is dull and makes it look cheap. This machne's color is dull and makes it look cheap.
2023-09-18;Female;58;Germany;I regret paying such a high price when budget models perform similarly. The cost doesn't match the quality, I expected more at this price. The cost doesn't match the quality, I expected more at this price. The washer is too expensive for the features it offers, feels overpriced. The washer is too expensive for the features it offers, feels overpriced. The cost doesn't match the quality, I expected more at this price.
2022-07-27;Male;48;Switzerland;I guess the performance is average as it gets the job done without issues. I guess the performance is average as it gets the job done without issues. I guess the performance is average as it gets the job done without issues. The wash cycle works okay but nothing special to write home about. The wash cycle works okay but nothing special to write home about. The wash cycle works okay but nothing special to write home about. It rinses fine but sometimes I still find detergent residue on my clotehs.
2019-11-18;Male;36;Austria;I appreciate how quietly this machne operates during a full load. I appreciate how quietly this machne operates during a full load. It handles large loads effortlessly while still delivering spotless results. It handles large loads effortlessly while still delivering spotless results. I appreciate how quietly this machne operates during a full load.
2023-10-26;Female;38;Czech Republic;
2021-05-01;Female;47;Germany;The minimalist look is impressive and makes the appliance feel premium. This washer's stylish appearance has definitely elevated my laundry room's aestehtics. I absolutely love the sleek design, it looks very modern and fits perfectly in my home. The minimalist look is impressive and makes the appliance feel premium.
2020-03-24;Female;56;Czech Republic;The customer servce was extremely responsive and resolved my issue within hours. Service team was accommodating and provided clear instructions to fix the problem. Service team was accommodating and provided clear instructions to fix the problem.
2023-03-08;Female;31;Czech Republic;I absolutely love the sleek design, it looks very modern and fits perfectly in my home. I absolutely love the sleek design, it looks very modern and fits perfectly in my home. This washer's stylish appearance has definitely elevated my laundry room's aestehtics. The minimalist look is impressive and makes the appliance feel premium.
2021-04-01;Female;38;Czech Republic;The customer servce rep seemed uninterested and couldn't solve my issue. I had to call multiple times because the service team kept transferring me. The customer servce rep seemed uninterested and couldn't solve my issue. The support servce was slow and unhelpful, I waited days for a response. The customer servce rep seemed uninterested and couldn't solve my issue. The support servce was slow and unhelpful, I waited days for a response.
2023-10-02;Female;49;Austria;Support team was adequate, neitehr exceptionally good nor bad. Service response was average and lacked detailed explanations. Support team was adequate, neitehr exceptionally good nor bad. The customer servce was okay but took some time to get back to me. The customer servce was okay but took some time to get back to me.
2024-07-02;Male;38;Germany;The temperature control feature is fine but could use more granular settings. I find the delay timer feature adequate but not very intuitive. I find the delay timer feature adequate but not very intuitive.
2022-07-07;Male;44;Austria;The cycle presets are okay but sometimes I have to manually tweak tehm. I find the delay timer feature adequate but not very intuitive. The cycle presets are okay but sometimes I have to manually tweak tehm. The cycle presets are okay but sometimes I have to manually tweak tehm. The cycle presets are okay but sometimes I have to manually tweak tehm.
2023-02-13;Male;34;Austria;It leaks water frequently, making the laundry area a mess every time I run it. The cycle often stops abruptly causing wet clotehs and frustrating delays in my schedule. The spin cycle is noisy and shakes violently, which is very concerning. The cycle often stops abruptly causing wet clotehs and frustrating delays in my schedule.
2019-11-21;Female;47;Poland;The minimalist look is impressive and makes the appliance feel premium. The minimalist look is impressive and makes the appliance feel premium. This washer's stylish appearance has definitely elevated my laundry room's aestehtics. I absolutely love the sleek design, it looks very modern and fits perfectly in my home. I absolutely love the sleek design, it looks very modern and fits perfectly in my home.
2024-07-26;Female;34;Austria;Considering the energy savings, the price point is quite attractive. I feel the cost is justified given the premium features included. I feel the cost is justified given the premium features included.
2022-01-22;Female;37;Germany;
2019-08-20;Male;53;Austria;The delayed start option is super convenient for busy mornings. The eco mode saves so much water and energy, making laundry days more sustainable. The eco mode saves so much water and energy, making laundry days more sustainable. The eco mode saves so much water and energy, making laundry days more sustainable. The eco mode saves so much water and energy, making laundry days more sustainable. The delayed start option is super convenient for busy mornings. The eco mode saves so much water and energy, making laundry days more sustainable.
2020-08-29;Female;54;Austria;The price seems average compared to otehr machines in the market. The price seems average compared to otehr machines in the market. Cost-wise, this washer is neitehr cheap nor premium, it sits in the middle. Cost-wise, this washer is neitehr cheap nor premium, it sits in the middle. The price seems average compared to otehr machines in the market. The price is standard but doesn't stand out as a bargain or a splurge. The price seems average compared to otehr machines in the market.
2022-12-17;Male;45;Germany;It leaks water frequently, making the laundry area a mess every time I run it. It leaks water frequently, making the laundry area a mess every time I run it. The spin cycle is noisy and shakes violently, which is very concerning. The cycle often stops abruptly causing wet clotehs and frustrating delays in my schedule. The spin cycle is noisy and shakes violently, which is very concerning. The spin cycle is noisy and shakes violently, which is very concerning. The cycle often stops abruptly causing wet clotehs and frustrating delays in my schedule.
2020-11-26;Male;41;Czech Republic;The customer servce was okay but took some time to get back to me. Service response was average and lacked detailed explanations. Service response was average and lacked detailed explanations. Support team was adequate, neitehr exceptionally good nor bad.
2021-12-26;Female;55;Germany;It leaks water frequently, making the laundry area a mess every time I run it. The cycle often stops abruptly causing wet clotehs and frustrating delays in my schedule. The cycle often stops abruptly causing wet clotehs and frustrating delays in my schedule. It leaks water frequently, making the laundry area a mess every time I run it. It leaks water frequently, making the laundry area a mess every time I run it. The cycle often stops abruptly causing wet clotehs and frustrating delays in my schedule. It leaks water frequently, making the laundry area a mess every time I run it.
2024-01-02;Male;21;Germany;Service team was accommodating and provided clear instructions to fix the problem. I got a helpful reply from the support team quickly, very professional. Service team was accommodating and provided clear instructions to fix the problem. The customer servce was extremely responsive and resolved my issue within hours. Service team was accommodating and provided clear instructions to fix the problem. Service team was accommodating and provided clear instructions to fix the problem.
2019-12-03;Male;56;Germany;I wish it had a steam cycle fetura for better stain removal, it's a missed opportunity. The absence of an app integration feature makes it inconvenient to control remotely. The absence of an app integration feature makes it inconvenient to control remotely. Missing the sanitize option is disappointing as I need it for baby clotehs. The absence of an app integration feature makes it inconvenient to control remotely. Missing the sanitize option is disappointing as I need it for baby clotehs.
2024-06-04;Female;36;Germany;I guess the performance is average as it gets the job done without issues. It rinses fine but sometimes I still find detergent residue on my clotehs. It rinses fine but sometimes I still find detergent residue on my clotehs. It rinses fine but sometimes I still find detergent residue on my clotehs. It rinses fine but sometimes I still find detergent residue on my clotehs. The wash cycle works okay but nothing special to write home about. I guess the performance is average as it gets the job done without issues.
2022-01-26;Female;53;Germany;The price is standard but doesn't stand out as a bargain or a splurge. The price seems average compared to otehr machines in the market. Cost-wise, this washer is neitehr cheap nor premium, it sits in the middle. The price seems average compared to otehr machines in the market.
2020-10-06;Female;37;Czech Republic;I had to call multiple times because the service team kept transferring me. I had to call multiple times because the service team kept transferring me. I had to call multiple times because the service team kept transferring me. The customer servce rep seemed uninterested and couldn't solve my issue. I had to call multiple times because the service team kept transferring me. The customer servce rep seemed uninterested and couldn't solve my issue. The customer servce rep seemed uninterested and couldn't solve my issue.
2019-06-24;Female;48;Germany;The delayed start option is super convenient for busy mornings. I really enjoy the quick wash feature for those last minute clothing emergencies. The eco mode saves so much water and energy, making laundry days more sustainable.
2020-05-21;Female;23;Austria;
2024-11-24;Female;51;Austria;I really enjoy the quick wash feature for those last minute clothing emergencies. The delayed start option is super convenient for busy mornings. I really enjoy the quick wash feature for those last minute clothing emergencies. The eco mode saves so much water and energy, making laundry days more sustainable.
2023-06-13;Female;55;Germany;
2021-10-16;Male;55;Austria;The cycle presets are okay but sometimes I have to manually tweak tehm. I find the delay timer feature adequate but not very intuitive. I find the delay timer feature adequate but not very intuitive. The cycle presets are okay but sometimes I have to manually tweak tehm. The temperature control feature is fine but could use more granular settings.
2021-12-25;Female;44;Austria;Cost-wise, this washer is neitehr cheap nor premium, it sits in the middle. The price seems average compared to otehr machines in the market. Cost-wise, this washer is neitehr cheap nor premium, it sits in the middle. The price seems average compared to otehr machines in the market. Cost-wise, this washer is neitehr cheap nor premium, it sits in the middle. The price is standard but doesn't stand out as a bargain or a splurge.
2024-04-28;Female;55;Germany;The price is standard but doesn't stand out as a bargain or a splurge. The price is standard but doesn't stand out as a bargain or a splurge. The price is standard but doesn't stand out as a bargain or a splurge. The price is standard but doesn't stand out as a bargain or a splurge. The price is standard but doesn't stand out as a bargain or a splurge.
2019-06-02;Female;22;Czech Republic;It handles large loads effortlessly while still delivering spotless results. The wash and spin cycles run smoothly with no vibration and clean clotehs thoroughly. I appreciate how quietly this machne operates during a full load. I appreciate how quietly this machne operates during a full load. The wash and spin cycles run smoothly with no vibration and clean clotehs thoroughly. It handles large loads effortlessly while still delivering spotless results. It handles large loads effortlessly while still delivering spotless results.
2022-03-04;Female;37;Austria;I really enjoy the quick wash feature for those last minute clothing emergencies. I really enjoy the quick wash feature for those last minute clothing emergencies. The delayed start option is super convenient for busy mornings. The delayed start option is super convenient for busy mornings. The eco mode saves so much water and energy, making laundry days more sustainable.
2020-12-21;Female;55;Austria;The minimalist look is impressive and makes the appliance feel premium. This washer's stylish appearance has definitely elevated my laundry room's aestehtics. The minimalist look is impressive and makes the appliance feel premium.
2022-12-26;Female;50;Switzerland;The spin cycle is noisy and shakes violently, which is very concerning. The spin cycle is noisy and shakes violently, which is very concerning. The spin cycle is noisy and shakes violently, which is very concerning. The spin cycle is noisy and shakes violently, which is very concerning. The spin cycle is noisy and shakes violently, which is very concerning.
2023-02-21;Female;21;Poland;The design feels outdated and does not appeal to me at all. The design feels outdated and does not appeal to me at all. I find the bulky design quite unattractive and it clashes with my decor. This machne's color is dull and makes it look cheap.
2024-02-16;Female;45;Poland;
2021-02-10;Female;37;Austria;This washer's stylish appearance has definitely elevated my laundry room's aestehtics. The minimalist look is impressive and makes the appliance feel premium. The minimalist look is impressive and makes the appliance feel premium. I absolutely love the sleek design, it looks very modern and fits perfectly in my home.
2022-08-26;Female;26;Czech Republic;It rinses fine but sometimes I still find detergent residue on my clotehs. The wash cycle works okay but nothing special to write home about. The wash cycle works okay but nothing special to write home about. I guess the performance is average as it gets the job done without issues. It rinses fine but sometimes I still find detergent residue on my clotehs.
2021-06-12;Female;70;Switzerland;
2021-10-03;Female;57;Switzerland;It leaks water frequently, making the laundry area a mess every time I run it. The spin cycle is noisy and shakes violently, which is very concerning. The cycle often stops abruptly causing wet clotehs and frustrating delays in my schedule. The cycle often stops abruptly causing wet clotehs and frustrating delays in my schedule. The cycle often stops abruptly causing wet clotehs and frustrating delays in my schedule.
2022-07-25;Male;50;Switzerland;The customer servce was okay but took some time to get back to me. The customer servce was okay but took some time to get back to me. Service response was average and lacked detailed explanations.
2023-08-29;Female;43;Germany;
2022-07-19;Female;46;Germany;The cost doesn't match the quality, I expected more at this price. The cost doesn't match the quality, I expected more at this price. The washer is too expensive for the features it offers, feels overpriced.
2024-07-22;Female;39;Austria;The wash cycle works okay but nothing special to write home about. The wash cycle works okay but nothing special to write home about. I guess the performance is average as it gets the job done without issues. I guess the performance is average as it gets the job done without issues.
2023-11-15;Male;44;Austria;Given its performance and reliability, the price is very reasonable and good value. Considering the energy savings, the price point is quite attractive. Considering the energy savings, the price point is quite attractive. Given its performance and reliability, the price is very reasonable and good value. Considering the energy savings, the price point is quite attractive.
2020-02-05;Male;59;Switzerland;The temperature control feature is fine but could use more granular settings. The cycle presets are okay but sometimes I have to manually tweak tehm. The temperature control feature is fine but could use more granular settings.
2024-04-10;Male;45;Poland;
2021-08-09;Female;28;Czech Republic;The delayed start option is super convenient for busy mornings. I really enjoy the quick wash feature for those last minute clothing emergencies. The delayed start option is super convenient for busy mornings. The delayed start option is super convenient for busy mornings. The eco mode saves so much water and energy, making laundry days more sustainable. I really enjoy the quick wash feature for those last minute clothing emergencies. The eco mode saves so much water and energy, making laundry days more sustainable.
2025-04-04;Female;58;Czech Republic;This washer's stylish appearance has definitely elevated my laundry room's aestehtics. This washer's stylish appearance has definitely elevated my laundry room's aestehtics. The minimalist look is impressive and makes the appliance feel premium.
2023-07-25;Female;41;Czech Republic;The wash cycle works okay but nothing special to write home about. I guess the performance is average as it gets the job done without issues. The wash cycle works okay but nothing special to write home about. The wash cycle works okay but nothing special to write home about. The wash cycle works okay but nothing special to write home about. It rinses fine but sometimes I still find detergent residue on my clotehs.
2025-04-05;Male;44;Austria;The wash cycle works okay but nothing special to write home about. I guess the performance is average as it gets the job done without issues. I guess the performance is average as it gets the job done without issues.
2021-10-04;Female;58;Czech Republic;The temperature control feature is fine but could use more granular settings. The temperature control feature is fine but could use more granular settings. I find the delay timer feature adequate but not very intuitive. I find the delay timer feature adequate but not very intuitive.
2022-05-03;Male;21;Austria;I appreciate how quietly this machne operates during a full load. The wash and spin cycles run smoothly with no vibration and clean clotehs thoroughly. It handles large loads effortlessly while still delivering spotless results.
2022-01-21;Male;51;Austria;The eco mode saves so much water and energy, making laundry days more sustainable. The delayed start option is super convenient for busy mornings. The eco mode saves so much water and energy, making laundry days more sustainable. The eco mode saves so much water and energy, making laundry days more sustainable. I really enjoy the quick wash feature for those last minute clothing emergencies. I really enjoy the quick wash feature for those last minute clothing emergencies.
2022-11-26;Male;28;Germany;I got a helpful reply from the support team quickly, very professional. Service team was accommodating and provided clear instructions to fix the problem. The customer servce was extremely responsive and resolved my issue within hours.
2022-07-09;Female;47;Germany;The eco mode saves so much water and energy, making laundry days more sustainable. The delayed start option is super convenient for busy mornings. I really enjoy the quick wash feature for those last minute clothing emergencies. I really enjoy the quick wash feature for those last minute clothing emergencies. The delayed start option is super convenient for busy mornings. The delayed start option is super convenient for busy mornings.
2024-02-03;Male;46;Switzerland;I regret paying such a high price when budget models perform similarly. I regret paying such a high price when budget models perform similarly. The washer is too expensive for the features it offers, feels overpriced. The washer is too expensive for the features it offers, feels overpriced. The cost doesn't match the quality, I expected more at this price. The washer is too expensive for the features it offers, feels overpriced.
2024-06-29;Male;52;Switzerland;The cost doesn't match the quality, I expected more at this price. The washer is too expensive for the features it offers, feels overpriced. I regret paying such a high price when budget models perform similarly. The cost doesn't match the quality, I expected more at this price. The cost doesn't match the quality, I expected more at this price. I regret paying such a high price when budget models perform similarly. The washer is too expensive for the features it offers, feels overpriced.
2023-05-11;Female;48;Germany;The price seems average compared to otehr machines in the market. Cost-wise, this washer is neitehr cheap nor premium, it sits in the middle. The price is standard but doesn't stand out as a bargain or a splurge. Cost-wise, this washer is neitehr cheap nor premium, it sits in the middle. The price is standard but doesn't stand out as a bargain or a splurge. The price is standard but doesn't stand out as a bargain or a splurge.
2024-08-27;Female;50;Germany;
2023-03-26;Female;56;Austria;Service response was average and lacked detailed explanations. The customer servce was okay but took some time to get back to me. Service response was average and lacked detailed explanations. Support team was adequate, neitehr exceptionally good nor bad. Support team was adequate, neitehr exceptionally good nor bad.
2023-05-21;Male;46;Germany;It rinses fine but sometimes I still find detergent residue on my clotehs. I guess the performance is average as it gets the job done without issues. I guess the performance is average as it gets the job done without issues. It rinses fine but sometimes I still find detergent residue on my clotehs. It rinses fine but sometimes I still find detergent residue on my clotehs.
2024-05-04;Female;50;Austria;I really enjoy the quick wash feature for those last minute clothing emergencies. The delayed start option is super convenient for busy mornings. The eco mode saves so much water and energy, making laundry days more sustainable. I really enjoy the quick wash feature for those last minute clothing emergencies. The eco mode saves so much water and energy, making laundry days more sustainable.
2023-10-10;Female;32;Austria;I regret paying such a high price when budget models perform similarly. The cost doesn't match the quality, I expected more at this price. I regret paying such a high price when budget models perform similarly. I regret paying such a high price when budget models perform similarly.
2023-01-21;Male;48;Czech Republic;This washer's stylish appearance has definitely elevated my laundry room's aestehtics. The minimalist look is impressive and makes the appliance feel premium. The minimalist look is impressive and makes the appliance feel premium. The minimalist look is impressive and makes the appliance feel premium. The minimalist look is impressive and makes the appliance feel premium. This washer's stylish appearance has definitely elevated my laundry room's aestehtics. I absolutely love the sleek design, it looks very modern and fits perfectly in my home.
2022-02-23;Female;28;Switzerland;The design feels outdated and does not appeal to me at all. I find the bulky design quite unattractive and it clashes with my decor. I find the bulky design quite unattractive and it clashes with my decor. The design feels outdated and does not appeal to me at all. This machne's color is dull and makes it look cheap. The design feels outdated and does not appeal to me at all. I find the bulky design quite unattractive and it clashes with my decor.
2024-03-29;Female;43;Switzerland;The eco mode saves so much water and energy, making laundry days more sustainable. The delayed start option is super convenient for busy mornings. I really enjoy the quick wash feature for those last minute clothing emergencies. I really enjoy the quick wash feature for those last minute clothing emergencies. I really enjoy the quick wash feature for those last minute clothing emergencies. I really enjoy the quick wash feature for those last minute clothing emergencies.
2022-10-06;Male;34;Poland;Service response was average and lacked detailed explanations. The customer servce was okay but took some time to get back to me. Support team was adequate, neitehr exceptionally good nor bad. Service response was average and lacked detailed explanations.
2020-01-29;Male;39;Poland;I find the bulky design quite unattractive and it clashes with my decor. The design feels outdated and does not appeal to me at all. I find the bulky design quite unattractive and it clashes with my decor. The design feels outdated and does not appeal to me at all. This machne's color is dull and makes it look cheap. I find the bulky design quite unattractive and it clashes with my decor.
2019-12-25;Male;55;Switzerland;It leaks water frequently, making the laundry area a mess every time I run it. The cycle often stops abruptly causing wet clotehs and frustrating delays in my schedule. It leaks water frequently, making the laundry area a mess every time I run it. The spin cycle is noisy and shakes violently, which is very concerning. The cycle often stops abruptly causing wet clotehs and frustrating delays in my schedule. The spin cycle is noisy and shakes violently, which is very concerning.
2020-12-03;Female;29;Austria;The spin cycle is noisy and shakes violently, which is very concerning. The spin cycle is noisy and shakes violently, which is very concerning. The spin cycle is noisy and shakes violently, which is very concerning.
2021-01-22;Male;33;Austria;The cost doesn't match the quality, I expected more at this price. The washer is too expensive for the features it offers, feels overpriced. The cost doesn't match the quality, I expected more at this price. I regret paying such a high price when budget models perform similarly. The washer is too expensive for the features it offers, feels overpriced. I regret paying such a high price when budget models perform similarly. The washer is too expensive for the features it offers, feels overpriced.
2020-08-18;Female;69;Germany;The price is standard but doesn't stand out as a bargain or a splurge. The price is standard but doesn't stand out as a bargain or a splurge. Cost-wise, this washer is neitehr cheap nor premium, it sits in the middle. Cost-wise, this washer is neitehr cheap nor premium, it sits in the middle. The price seems average compared to otehr machines in the market.
2021-01-11;Male;39;Czech Republic;The customer servce was extremely responsive and resolved my issue within hours. The customer servce was extremely responsive and resolved my issue within hours. Service team was accommodating and provided clear instructions to fix the problem. Service team was accommodating and provided clear instructions to fix the problem. I got a helpful reply from the support team quickly, very professional.
2023-02-20;Male;55;Austria;I find the delay timer feature adequate but not very intuitive. The cycle presets are okay but sometimes I have to manually tweak tehm. I find the delay timer feature adequate but not very intuitive. I find the delay timer feature adequate but not very intuitive. The cycle presets are okay but sometimes I have to manually tweak tehm. The cycle presets are okay but sometimes I have to manually tweak tehm.
2023-04-27;Female;47;Austria;Considering the energy savings, the price point is quite attractive. Considering the energy savings, the price point is quite attractive. Given its performance and reliability, the price is very reasonable and good value. Considering the energy savings, the price point is quite attractive. Given its performance and reliability, the price is very reasonable and good value. Considering the energy savings, the price point is quite attractive. I feel the cost is justified given the premium features included.
2021-09-30;Female;26;Switzerland;I find the delay timer feature adequate but not very intuitive. The temperature control feature is fine but could use more granular settings. The cycle presets are okay but sometimes I have to manually tweak tehm. I find the delay timer feature adequate but not very intuitive. I find the delay timer feature adequate but not very intuitive. I find the delay timer feature adequate but not very intuitive. I find the delay timer feature adequate but not very intuitive.
2019-09-04;Male;36;Austria;The cycle presets are okay but sometimes I have to manually tweak tehm. The cycle presets are okay but sometimes I have to manually tweak tehm. The cycle presets are okay but sometimes I have to manually tweak tehm. I find the delay timer feature adequate but not very intuitive. The temperature control feature is fine but could use more granular settings. I find the delay timer feature adequate but not very intuitive. The cycle presets are okay but sometimes I have to manually tweak tehm.
2024-02-28;Female;63;Germany;
2022-10-06;Female;49;Czech Republic;The cycle often stops abruptly causing wet clotehs and frustrating delays in my schedule. The spin cycle is noisy and shakes violently, which is very concerning. It leaks water frequently, making the laundry area a mess every time I run it. The spin cycle is noisy and shakes violently, which is very concerning. The spin cycle is noisy and shakes violently, which is very concerning.
2021-10-29;Female;50;Switzerland;The spin cycle is noisy and shakes violently, which is very concerning. It leaks water frequently, making the laundry area a mess every time I run it. The spin cycle is noisy and shakes violently, which is very concerning. The cycle often stops abruptly causing wet clotehs and frustrating delays in my schedule. It leaks water frequently, making the laundry area a mess every time I run it. It leaks water frequently, making the laundry area a mess every time I run it. The cycle often stops abruptly causing wet clotehs and frustrating delays in my schedule.
2021-01-02;Male;64;Austria;The delayed start option is super convenient for busy mornings. The eco mode saves so much water and energy, making laundry days more sustainable. I really enjoy the quick wash feature for those last minute clothing emergencies. The delayed start option is super convenient for busy mornings. The delayed start option is super convenient for busy mornings. The eco mode saves so much water and energy, making laundry days more sustainable. I really enjoy the quick wash feature for those last minute clothing emergencies.
2023-03-10;Female;40;Germany;The support servce was slow and unhelpful, I waited days for a response. The customer servce rep seemed uninterested and couldn't solve my issue. The customer servce rep seemed uninterested and couldn't solve my issue. I had to call multiple times because the service team kept transferring me. I had to call multiple times because the service team kept transferring me.
2020-12-23;Female;36;Czech Republic;I had to call multiple times because the service team kept transferring me. The customer servce rep seemed uninterested and couldn't solve my issue. I had to call multiple times because the service team kept transferring me. I had to call multiple times because the service team kept transferring me.
2021-11-05;Female;27;Austria;
2023-09-23;Female;51;Poland;
2022-09-23;Male;46;Austria;The design feels outdated and does not appeal to me at all. The design feels outdated and does not appeal to me at all. The design feels outdated and does not appeal to me at all. This machne's color is dull and makes it look cheap.
2020-12-15;Male;60;Czech Republic;The wash and spin cycles run smoothly with no vibration and clean clotehs thoroughly. The wash and spin cycles run smoothly with no vibration and clean clotehs thoroughly. I appreciate how quietly this machne operates during a full load. I appreciate how quietly this machne operates during a full load. It handles large loads effortlessly while still delivering spotless results. I appreciate how quietly this machne operates during a full load. I appreciate how quietly this machne operates during a full load.
2025-04-26;Female;36;Austria;The cycle often stops abruptly causing wet clotehs and frustrating delays in my schedule. The spin cycle is noisy and shakes violently, which is very concerning. The cycle often stops abruptly causing wet clotehs and frustrating delays in my schedule. The cycle often stops abruptly causing wet clotehs and frustrating delays in my schedule.
2025-04-29;Female;32;Austria;The wash and spin cycles run smoothly with no vibration and clean clotehs thoroughly. It handles large loads effortlessly while still delivering spotless results. The wash and spin cycles run smoothly with no vibration and clean clotehs thoroughly. The wash and spin cycles run smoothly with no vibration and clean clotehs thoroughly. I appreciate how quietly this machne operates during a full load. The wash and spin cycles run smoothly with no vibration and clean clotehs thoroughly.
2022-04-12;Male;43;Czech Republic;Considering the energy savings, the price point is quite attractive. I feel the cost is justified given the premium features included. Given its performance and reliability, the price is very reasonable and good value. Given its performance and reliability, the price is very reasonable and good value. Considering the energy savings, the price point is quite attractive. Given its performance and reliability, the price is very reasonable and good value.
2021-08-11;Female;32;Germany;I absolutely love the sleek design, it looks very modern and fits perfectly in my home. This washer's stylish appearance has definitely elevated my laundry room's aestehtics. This washer's stylish appearance has definitely elevated my laundry room's aestehtics.
2020-01-22;Female;32;Switzerland;The eco mode saves so much water and energy, making laundry days more sustainable. I really enjoy the quick wash feature for those last minute clothing emergencies. The eco mode saves so much water and energy, making laundry days more sustainable.
2022-07-21;Female;32;Switzerland;
2022-03-26;Male;29;Switzerland;The design feels outdated and does not appeal to me at all. I find the bulky design quite unattractive and it clashes with my decor. I find the bulky design quite unattractive and it clashes with my decor. This machne's color is dull and makes it look cheap. The design feels outdated and does not appeal to me at all. I find the bulky design quite unattractive and it clashes with my decor.
2024-01-27;Female;42;Switzerland;The spin cycle is noisy and shakes violently, which is very concerning. The spin cycle is noisy and shakes violently, which is very concerning. It leaks water frequently, making the laundry area a mess every time I run it. It leaks water frequently, making the laundry area a mess every time I run it. It leaks water frequently, making the laundry area a mess every time I run it.
2020-08-24;Female;56;Switzerland;It rinses fine but sometimes I still find detergent residue on my clotehs. It rinses fine but sometimes I still find detergent residue on my clotehs. It rinses fine but sometimes I still find detergent residue on my clotehs. It rinses fine but sometimes I still find detergent residue on my clotehs. It rinses fine but sometimes I still find detergent residue on my clotehs.
2022-06-20;Female;45;Germany;I got a helpful reply from the support team quickly, very professional. The customer servce was extremely responsive and resolved my issue within hours. Service team was accommodating and provided clear instructions to fix the problem. I got a helpful reply from the support team quickly, very professional. Service team was accommodating and provided clear instructions to fix the problem.
2021-11-18;Female;39;Austria;Service response was average and lacked detailed explanations. The customer servce was okay but took some time to get back to me. The customer servce was okay but took some time to get back to me. Service response was average and lacked detailed explanations. The customer servce was okay but took some time to get back to me. Service response was average and lacked detailed explanations. The customer servce was okay but took some time to get back to me.
2020-08-26;Female;58;Switzerland;The temperature control feature is fine but could use more granular settings. The cycle presets are okay but sometimes I have to manually tweak tehm. I find the delay timer feature adequate but not very intuitive.
2023-03-30;Female;44;Switzerland;Service response was average and lacked detailed explanations. Support team was adequate, neitehr exceptionally good nor bad. Service response was average and lacked detailed explanations. The customer servce was okay but took some time to get back to me.
2022-08-24;Male;28;Czech Republic;It leaks water frequently, making the laundry area a mess every time I run it. The spin cycle is noisy and shakes violently, which is very concerning. The cycle often stops abruptly causing wet clotehs and frustrating delays in my schedule. The cycle often stops abruptly causing wet clotehs and frustrating delays in my schedule.
2024-03-31;Male;30;Poland;The delayed start option is super convenient for busy mornings. The delayed start option is super convenient for busy mornings. I really enjoy the quick wash feature for those last minute clothing emergencies. The eco mode saves so much water and energy, making laundry days more sustainable. The eco mode saves so much water and energy, making laundry days more sustainable. I really enjoy the quick wash feature for those last minute clothing emergencies. The eco mode saves so much water and energy, making laundry days more sustainable.
2024-12-11;Female;60;Germany;I guess the performance is average as it gets the job done without issues. I guess the performance is average as it gets the job done without issues. I guess the performance is average as it gets the job done without issues. The wash cycle works okay but nothing special to write home about.
2024-04-07;Female;33;Austria;The temperature control feature is fine but could use more granular settings. The temperature control feature is fine but could use more granular settings. I find the delay timer feature adequate but not very intuitive. I find the delay timer feature adequate but not very intuitive. The cycle presets are okay but sometimes I have to manually tweak tehm. The cycle presets are okay but sometimes I have to manually tweak tehm. I find the delay timer feature adequate but not very intuitive.
2023-03-02;Female;67;Czech Republic;Cost-wise, this washer is neitehr cheap nor premium, it sits in the middle. Cost-wise, this washer is neitehr cheap nor premium, it sits in the middle. The price is standard but doesn't stand out as a bargain or a splurge. Cost-wise, this washer is neitehr cheap nor premium, it sits in the middle.
2021-12-08;Female;24;Germany;I find the bulky design quite unattractive and it clashes with my decor. The design feels outdated and does not appeal to me at all. I find the bulky design quite unattractive and it clashes with my decor. The design feels outdated and does not appeal to me at all. I find the bulky design quite unattractive and it clashes with my decor.
2021-03-26;Female;45;Switzerland;The absence of an app integration feature makes it inconvenient to control remotely. The absence of an app integration feature makes it inconvenient to control remotely. I wish it had a steam cycle fetura for better stain removal, it's a missed opportunity. The absence of an app integration feature makes it inconvenient to control remotely. I wish it had a steam cycle fetura for better stain removal, it's a missed opportunity. Missing the sanitize option is disappointing as I need it for baby clotehs.
2021-05-13;Male;31;Germany;
2020-06-02;Female;38;Germany;Missing the sanitize option is disappointing as I need it for baby clotehs. I wish it had a steam cycle fetura for better stain removal, it's a missed opportunity. I wish it had a steam cycle fetura for better stain removal, it's a missed opportunity. Missing the sanitize option is disappointing as I need it for baby clotehs.
2021-08-15;Male;54;Poland;I wish it had a steam cycle fetura for better stain removal, it's a missed opportunity. I wish it had a steam cycle fetura for better stain removal, it's a missed opportunity. The absence of an app integration feature makes it inconvenient to control remotely. The absence of an app integration feature makes it inconvenient to control remotely.
2021-05-18;Female;19;Austria;The customer servce rep seemed uninterested and couldn't solve my issue. The support servce was slow and unhelpful, I waited days for a response. I had to call multiple times because the service team kept transferring me.
2021-11-05;Female;61;Czech Republic;The wash and spin cycles run smoothly with no vibration and clean clotehs thoroughly. It handles large loads effortlessly while still delivering spotless results. It handles large loads effortlessly while still delivering spotless results.
2021-04-23;Female;43;Czech Republic;The washer is too expensive for the features it offers, feels overpriced. The cost doesn't match the quality, I expected more at this price. I regret paying such a high price when budget models perform similarly. The cost doesn't match the quality, I expected more at this price.
2020-12-14;Female;27;Poland;This machne's color is dull and makes it look cheap. The design feels outdated and does not appeal to me at all. The design feels outdated and does not appeal to me at all.
2023-07-20;Male;26;Austria;The cycle presets are okay but sometimes I have to manually tweak tehm. The cycle presets are okay but sometimes I have to manually tweak tehm. I find the delay timer feature adequate but not very intuitive.
2019-10-18;Female;37;Austria;I wish it had a steam cycle fetura for better stain removal, it's a missed opportunity. The absence of an app integration feature makes it inconvenient to control remotely. I wish it had a steam cycle fetura for better stain removal, it's a missed opportunity. I wish it had a steam cycle fetura for better stain removal, it's a missed opportunity. Missing the sanitize option is disappointing as I need it for baby clotehs. I wish it had a steam cycle fetura for better stain removal, it's a missed opportunity. Missing the sanitize option is disappointing as I need it for baby clotehs.
2023-12-20;Female;35;Austria;The temperature control feature is fine but could use more granular settings. I find the delay timer feature adequate but not very intuitive. The cycle presets are okay but sometimes I have to manually tweak tehm. The cycle presets are okay but sometimes I have to manually tweak tehm. The temperature control feature is fine but could use more granular settings.
2021-05-28;Male;53;Switzerland;I find the delay timer feature adequate but not very intuitive. The cycle presets are okay but sometimes I have to manually tweak tehm. The temperature control feature is fine but could use more granular settings. I find the delay timer feature adequate but not very intuitive.
2021-09-27;Female;64;Czech Republic;The wash and spin cycles run smoothly with no vibration and clean clotehs thoroughly. The wash and spin cycles run smoothly with no vibration and clean clotehs thoroughly. The wash and spin cycles run smoothly with no vibration and clean clotehs thoroughly. I appreciate how quietly this machne operates during a full load. The wash and spin cycles run smoothly with no vibration and clean clotehs thoroughly.
2021-02-19;Female;44;Germany;I regret paying such a high price when budget models perform similarly. The cost doesn't match the quality, I expected more at this price. The cost doesn't match the quality, I expected more at this price. The cost doesn't match the quality, I expected more at this price. The cost doesn't match the quality, I expected more at this price.
2020-12-27;Male;32;Czech Republic;The minimalist look is impressive and makes the appliance feel premium. I absolutely love the sleek design, it looks very modern and fits perfectly in my home. This washer's stylish appearance has definitely elevated my laundry room's aestehtics.
2022-10-24;Female;38;Austria;The cycle often stops abruptly causing wet clotehs and frustrating delays in my schedule. The cycle often stops abruptly causing wet clotehs and frustrating delays in my schedule. It leaks water frequently, making the laundry area a mess every time I run it. The spin cycle is noisy and shakes violently, which is very concerning.
2021-12-17;Female;28;Germany;I find the delay timer feature adequate but not very intuitive. The temperature control feature is fine but could use more granular settings. The cycle presets are okay but sometimes I have to manually tweak tehm. The temperature control feature is fine but could use more granular settings. I find the delay timer feature adequate but not very intuitive. The temperature control feature is fine but could use more granular settings.
2023-08-24;Female;56;Austria;It leaks water frequently, making the laundry area a mess every time I run it. The spin cycle is noisy and shakes violently, which is very concerning. It leaks water frequently, making the laundry area a mess every time I run it. The spin cycle is noisy and shakes violently, which is very concerning. The spin cycle is noisy and shakes violently, which is very concerning. The spin cycle is noisy and shakes violently, which is very concerning.
2023-08-23;Female;47;Austria;Service response was average and lacked detailed explanations. The customer servce was okay but took some time to get back to me. Service response was average and lacked detailed explanations.
2023-10-02;Female;26;Germany;I find the bulky design quite unattractive and it clashes with my decor. The design feels outdated and does not appeal to me at all. The design feels outdated and does not appeal to me at all. I find the bulky design quite unattractive and it clashes with my decor. I find the bulky design quite unattractive and it clashes with my decor. The design feels outdated and does not appeal to me at all.
2020-01-23;Female;60;Austria;I really enjoy the quick wash feature for those last minute clothing emergencies. I really enjoy the quick wash feature for those last minute clothing emergencies. The delayed start option is super convenient for busy mornings. I really enjoy the quick wash feature for those last minute clothing emergencies.
2023-07-08;Female;54;Switzerland;The price seems average compared to otehr machines in the market. The price seems average compared to otehr machines in the market. The price seems average compared to otehr machines in the market. Cost-wise, this washer is neitehr cheap nor premium, it sits in the middle. The price seems average compared to otehr machines in the market. Cost-wise, this washer is neitehr cheap nor premium, it sits in the middle.
2019-11-15;Male;62;Austria;
2022-10-27;Male;48;Germany;The design feels outdated and does not appeal to me at all. The design feels outdated and does not appeal to me at all. I find the bulky design quite unattractive and it clashes with my decor.
2021-06-02;Female;37;Austria;The price seems average compared to otehr machines in the market. The price seems average compared to otehr machines in the market. The price seems average compared to otehr machines in the market. The price seems average compared to otehr machines in the market. The price seems average compared to otehr machines in the market. Cost-wise, this washer is neitehr cheap nor premium, it sits in the middle. The price seems average compared to otehr machines in the market.
2025-01-30;Male;50;Germany;I absolutely love the sleek design, it looks very modern and fits perfectly in my home. The minimalist look is impressive and makes the appliance feel premium. I absolutely love the sleek design, it looks very modern and fits perfectly in my home. This washer's stylish appearance has definitely elevated my laundry room's aestehtics. The minimalist look is impressive and makes the appliance feel premium. The minimalist look is impressive and makes the appliance feel premium. The minimalist look is impressive and makes the appliance feel premium.
2025-05-01;Male;32;Germany;The customer servce was okay but took some time to get back to me. The customer servce was okay but took some time to get back to me. Service response was average and lacked detailed explanations. Service response was average and lacked detailed explanations.
2019-10-13;Male;54;Germany;The price is standard but doesn't stand out as a bargain or a splurge. The price is standard but doesn't stand out as a bargain or a splurge. Cost-wise, this washer is neitehr cheap nor premium, it sits in the middle. Cost-wise, this washer is neitehr cheap nor premium, it sits in the middle.
2025-02-27;Female;43;Switzerland;Given its performance and reliability, the price is very reasonable and good value. Given its performance and reliability, the price is very reasonable and good value. I feel the cost is justified given the premium features included. Given its performance and reliability, the price is very reasonable and good value. I feel the cost is justified given the premium features included. Considering the energy savings, the price point is quite attractive. Considering the energy savings, the price point is quite attractive.
2022-04-09;Male;49;Poland;The wash cycle works okay but nothing special to write home about. The wash cycle works okay but nothing special to write home about. The wash cycle works okay but nothing special to write home about. The wash cycle works okay but nothing special to write home about. It rinses fine but sometimes I still find detergent residue on my clotehs.
2020-12-12;Male;68;Czech Republic;The wash cycle works okay but nothing special to write home about. It rinses fine but sometimes I still find detergent residue on my clotehs. The wash cycle works okay but nothing special to write home about. I guess the performance is average as it gets the job done without issues.
2025-02-15;Male;30;Austria;The design feels outdated and does not appeal to me at all. This machne's color is dull and makes it look cheap. I find the bulky design quite unattractive and it clashes with my decor. The design feels outdated and does not appeal to me at all. This machne's color is dull and makes it look cheap. The design feels outdated and does not appeal to me at all.
2019-11-03;Male;30;Germany;This washer's stylish appearance has definitely elevated my laundry room's aestehtics. I absolutely love the sleek design, it looks very modern and fits perfectly in my home. This washer's stylish appearance has definitely elevated my laundry room's aestehtics. This washer's stylish appearance has definitely elevated my laundry room's aestehtics. I absolutely love the sleek design, it looks very modern and fits perfectly in my home. The minimalist look is impressive and makes the appliance feel premium. I absolutely love the sleek design, it looks very modern and fits perfectly in my home.
2021-09-11;Female;43;Germany;It leaks water frequently, making the laundry area a mess every time I run it. It leaks water frequently, making the laundry area a mess every time I run it. The spin cycle is noisy and shakes violently, which is very concerning.
2020-12-31;Female;58;Czech Republic;I feel the cost is justified given the premium features included. I feel the cost is justified given the premium features included. I feel the cost is justified given the premium features included. I feel the cost is justified given the premium features included. Given its performance and reliability, the price is very reasonable and good value.
2022-07-20;Male;48;Germany;The absence of an app integration feature makes it inconvenient to control remotely. The absence of an app integration feature makes it inconvenient to control remotely. I wish it had a steam cycle fetura for better stain removal, it's a missed opportunity. The absence of an app integration feature makes it inconvenient to control remotely. Missing the sanitize option is disappointing as I need it for baby clotehs.
2020-01-14;Female;41;Germany;Cost-wise, this washer is neitehr cheap nor premium, it sits in the middle. Cost-wise, this washer is neitehr cheap nor premium, it sits in the middle. The price is standard but doesn't stand out as a bargain or a splurge. The price is standard but doesn't stand out as a bargain or a splurge.
2025-02-23;Male;41;Austria;I really enjoy the quick wash feature for those last minute clothing emergencies. I really enjoy the quick wash feature for those last minute clothing emergencies. The delayed start option is super convenient for busy mornings. The delayed start option is super convenient for busy mornings. The eco mode saves so much water and energy, making laundry days more sustainable. I really enjoy the quick wash feature for those last minute clothing emergencies.
2025-02-23;Male;53;Switzerland;The support servce was slow and unhelpful, I waited days for a response. The customer servce rep seemed uninterested and couldn't solve my issue. The customer servce rep seemed uninterested and couldn't solve my issue. The customer servce rep seemed uninterested and couldn't solve my issue. I had to call multiple times because the service team kept transferring me.
2019-11-05;Male;33;Germany;The spin cycle is noisy and shakes violently, which is very concerning. The spin cycle is noisy and shakes violently, which is very concerning. The spin cycle is noisy and shakes violently, which is very concerning. The cycle often stops abruptly causing wet clotehs and frustrating delays in my schedule. The spin cycle is noisy and shakes violently, which is very concerning. The spin cycle is noisy and shakes violently, which is very concerning.
2019-11-30;Male;66;Switzerland;I wish it had a steam cycle fetura for better stain removal, it's a missed opportunity. The absence of an app integration feature makes it inconvenient to control remotely. I wish it had a steam cycle fetura for better stain removal, it's a missed opportunity. The absence of an app integration feature makes it inconvenient to control remotely. Missing the sanitize option is disappointing as I need it for baby clotehs. Missing the sanitize option is disappointing as I need it for baby clotehs. I wish it had a steam cycle fetura for better stain removal, it's a missed opportunity.
2020-11-08;Female;33;Germany;Missing the sanitize option is disappointing as I need it for baby clotehs. I wish it had a steam cycle fetura for better stain removal, it's a missed opportunity. I wish it had a steam cycle fetura for better stain removal, it's a missed opportunity. Missing the sanitize option is disappointing as I need it for baby clotehs. I wish it had a steam cycle fetura for better stain removal, it's a missed opportunity. Missing the sanitize option is disappointing as I need it for baby clotehs. I wish it had a steam cycle fetura for better stain removal, it's a missed opportunity.
2019-10-24;Female;23;Switzerland;The temperature control feature is fine but could use more granular settings. I find the delay timer feature adequate but not very intuitive. The cycle presets are okay but sometimes I have to manually tweak tehm. The temperature control feature is fine but could use more granular settings. The temperature control feature is fine but could use more granular settings.
2022-12-14;Female;28;Austria;The temperature control feature is fine but could use more granular settings. The cycle presets are okay but sometimes I have to manually tweak tehm. The temperature control feature is fine but could use more granular settings. I find the delay timer feature adequate but not very intuitive. The cycle presets are okay but sometimes I have to manually tweak tehm. I find the delay timer feature adequate but not very intuitive.
2020-04-13;Female;67;Austria;The wash cycle works okay but nothing special to write home about. It rinses fine but sometimes I still find detergent residue on my clotehs. I guess the performance is average as it gets the job done without issues. It rinses fine but sometimes I still find detergent residue on my clotehs. I guess the performance is average as it gets the job done without issues. It rinses fine but sometimes I still find detergent residue on my clotehs.
2021-03-20;Female;46;Austria;The minimalist look is impressive and makes the appliance feel premium. The minimalist look is impressive and makes the appliance feel premium. The minimalist look is impressive and makes the appliance feel premium.
2021-11-15;Female;49;Austria;The price seems average compared to otehr machines in the market. The price is standard but doesn't stand out as a bargain or a splurge. The price seems average compared to otehr machines in the market. The price is standard but doesn't stand out as a bargain or a splurge. The price seems average compared to otehr machines in the market.
2024-06-06;Male;74;Poland;This washer's stylish appearance has definitely elevated my laundry room's aestehtics. The minimalist look is impressive and makes the appliance feel premium. The minimalist look is impressive and makes the appliance feel premium. This washer's stylish appearance has definitely elevated my laundry room's aestehtics. This washer's stylish appearance has definitely elevated my laundry room's aestehtics.
2023-01-22;Female;50;Austria;The customer servce was okay but took some time to get back to me. Support team was adequate, neitehr exceptionally good nor bad. Service response was average and lacked detailed explanations. Service response was average and lacked detailed explanations.
2023-01-10;Female;58;Germany;Support team was adequate, neitehr exceptionally good nor bad. Service response was average and lacked detailed explanations. Support team was adequate, neitehr exceptionally good nor bad. Service response was average and lacked detailed explanations. Service response was average and lacked detailed explanations.
2020-08-08;Female;31;Austria;The price seems average compared to otehr machines in the market. The price seems average compared to otehr machines in the market. Cost-wise, this washer is neitehr cheap nor premium, it sits in the middle. Cost-wise, this washer is neitehr cheap nor premium, it sits in the middle. The price seems average compared to otehr machines in the market. Cost-wise, this washer is neitehr cheap nor premium, it sits in the middle. Cost-wise, this washer is neitehr cheap nor premium, it sits in the middle.
2022-02-19;Female;51;Austria;It rinses fine but sometimes I still find detergent residue on my clotehs. It rinses fine but sometimes I still find detergent residue on my clotehs. I guess the performance is average as it gets the job done without issues. The wash cycle works okay but nothing special to write home about. It rinses fine but sometimes I still find detergent residue on my clotehs. I guess the performance is average as it gets the job done without issues.
2023-12-05;Male;40;Switzerland;The price seems average compared to otehr machines in the market. The price is standard but doesn't stand out as a bargain or a splurge. The price is standard but doesn't stand out as a bargain or a splurge. Cost-wise, this washer is neitehr cheap nor premium, it sits in the middle. The price seems average compared to otehr machines in the market. Cost-wise, this washer is neitehr cheap nor premium, it sits in the middle. The price is standard but doesn't stand out as a bargain or a splurge.
2022-09-03;Female;39;Germany;I appreciate how quietly this machne operates during a full load. It handles large loads effortlessly while still delivering spotless results. It handles large loads effortlessly while still delivering spotless results. It handles large loads effortlessly while still delivering spotless results. I appreciate how quietly this machne operates during a full load. I appreciate how quietly this machne operates during a full load.
2022-08-03;Female;38;Austria;Missing the sanitize option is disappointing as I need it for baby clotehs. Missing the sanitize option is disappointing as I need it for baby clotehs. Missing the sanitize option is disappointing as I need it for baby clotehs. Missing the sanitize option is disappointing as I need it for baby clotehs. I wish it had a steam cycle fetura for better stain removal, it's a missed opportunity. I wish it had a steam cycle fetura for better stain removal, it's a missed opportunity.
2022-10-11;Male;50;Germany;It rinses fine but sometimes I still find detergent residue on my clotehs. The wash cycle works okay but nothing special to write home about. I guess the performance is average as it gets the job done without issues. The wash cycle works okay but nothing special to write home about. I guess the performance is average as it gets the job done without issues. It rinses fine but sometimes I still find detergent residue on my clotehs.
2024-08-09;Female;49;Switzerland;I absolutely love the sleek design, it looks very modern and fits perfectly in my home. I absolutely love the sleek design, it looks very modern and fits perfectly in my home. The minimalist look is impressive and makes the appliance feel premium. I absolutely love the sleek design, it looks very modern and fits perfectly in my home. This washer's stylish appearance has definitely elevated my laundry room's aestehtics.
2020-03-03;Male;35;Switzerland;
2025-05-01;Female;42;Switzerland;Cost-wise, this washer is neitehr cheap nor premium, it sits in the middle. The price is standard but doesn't stand out as a bargain or a splurge. Cost-wise, this washer is neitehr cheap nor premium, it sits in the middle. Cost-wise, this washer is neitehr cheap nor premium, it sits in the middle. The price is standard but doesn't stand out as a bargain or a splurge. Cost-wise, this washer is neitehr cheap nor premium, it sits in the middle.
2022-02-24;Female;61;Austria;I feel the cost is justified given the premium features included. I feel the cost is justified given the premium features included. I feel the cost is justified given the premium features included. I feel the cost is justified given the premium features included. Considering the energy savings, the price point is quite attractive.
2024-04-07;Female;64;Germany;
2024-05-22;Female;39;Switzerland;Service response was average and lacked detailed explanations. Service response was average and lacked detailed explanations. Service response was average and lacked detailed explanations. The customer servce was okay but took some time to get back to me. The customer servce was okay but took some time to get back to me.
2020-06-18;Male;39;Germany;Support team was adequate, neitehr exceptionally good nor bad. The customer servce was okay but took some time to get back to me. The customer servce was okay but took some time to get back to me. The customer servce was okay but took some time to get back to me. Support team was adequate, neitehr exceptionally good nor bad. Support team was adequate, neitehr exceptionally good nor bad. Service response was average and lacked detailed explanations.
2023-03-26;Male;54;Czech Republic;The minimalist look is impressive and makes the appliance feel premium. This washer's stylish appearance has definitely elevated my laundry room's aestehtics. I absolutely love the sleek design, it looks very modern and fits perfectly in my home. I absolutely love the sleek design, it looks very modern and fits perfectly in my home.
2021-05-12;Female;41;Germany;I feel the cost is justified given the premium features included. Considering the energy savings, the price point is quite attractive. Considering the energy savings, the price point is quite attractive.
2023-07-24;Male;46;Switzerland;I really enjoy the quick wash feature for those last minute clothing emergencies. I really enjoy the quick wash feature for those last minute clothing emergencies. The delayed start option is super convenient for busy mornings. I really enjoy the quick wash feature for those last minute clothing emergencies. I really enjoy the quick wash feature for those last minute clothing emergencies. The eco mode saves so much water and energy, making laundry days more sustainable. The delayed start option is super convenient for busy mornings.
2021-12-12;Male;62;Switzerland;The spin cycle is noisy and shakes violently, which is very concerning. The spin cycle is noisy and shakes violently, which is very concerning. The spin cycle is noisy and shakes violently, which is very concerning.
2024-06-02;Female;40;Germany;The customer servce rep seemed uninterested and couldn't solve my issue. The customer servce rep seemed uninterested and couldn't solve my issue. The support servce was slow and unhelpful, I waited days for a response.
2020-10-28;Male;52;Czech Republic;The absence of an app integration feature makes it inconvenient to control remotely. Missing the sanitize option is disappointing as I need it for baby clotehs. The absence of an app integration feature makes it inconvenient to control remotely.
2020-07-21;Female;26;Austria;I guess the performance is average as it gets the job done without issues. I guess the performance is average as it gets the job done without issues. The wash cycle works okay but nothing special to write home about. It rinses fine but sometimes I still find detergent residue on my clotehs.
2022-09-01;Male;51;Switzerland;The wash cycle works okay but nothing special to write home about. The wash cycle works okay but nothing special to write home about. It rinses fine but sometimes I still find detergent residue on my clotehs.
2022-05-20;Female;54;Germany;I wish it had a steam cycle fetura for better stain removal, it's a missed opportunity. Missing the sanitize option is disappointing as I need it for baby clotehs. I wish it had a steam cycle fetura for better stain removal, it's a missed opportunity. The absence of an app integration feature makes it inconvenient to control remotely. I wish it had a steam cycle fetura for better stain removal, it's a missed opportunity. Missing the sanitize option is disappointing as I need it for baby clotehs.
2020-12-07;Female;66;Germany;I really enjoy the quick wash feature for those last minute clothing emergencies. I really enjoy the quick wash feature for those last minute clothing emergencies. The delayed start option is super convenient for busy mornings. The delayed start option is super convenient for busy mornings. The eco mode saves so much water and energy, making laundry days more sustainable. I really enjoy the quick wash feature for those last minute clothing emergencies.
2020-03-10;Female;43;Czech Republic;Given its performance and reliability, the price is very reasonable and good value. Considering the energy savings, the price point is quite attractive. I feel the cost is justified given the premium features included. Given its performance and reliability, the price is very reasonable and good value. Considering the energy savings, the price point is quite attractive. Considering the energy savings, the price point is quite attractive.
2024-03-25;Female;40;Austria;The design feels outdated and does not appeal to me at all. I find the bulky design quite unattractive and it clashes with my decor. The design feels outdated and does not appeal to me at all.
2022-01-22;Female;20;Poland;The delayed start option is super convenient for busy mornings. I really enjoy the quick wash feature for those last minute clothing emergencies. The eco mode saves so much water and energy, making laundry days more sustainable. I really enjoy the quick wash feature for those last minute clothing emergencies. The delayed start option is super convenient for busy mornings. I really enjoy the quick wash feature for those last minute clothing emergencies.
2020-10-31;Male;51;Switzerland;I had to call multiple times because the service team kept transferring me. The support servce was slow and unhelpful, I waited days for a response. I had to call multiple times because the service team kept transferring me. I had to call multiple times because the service team kept transferring me.
2025-01-14;Male;61;Austria;I really enjoy the quick wash feature for those last minute clothing emergencies. The eco mode saves so much water and energy, making laundry days more sustainable. The delayed start option is super convenient for busy mornings. The delayed start option is super convenient for busy mornings. The delayed start option is super convenient for busy mornings.
2022-08-23;Female;50;Czech Republic;The cycle presets are okay but sometimes I have to manually tweak tehm. I find the delay timer feature adequate but not very intuitive. I find the delay timer feature adequate but not very intuitive. The temperature control feature is fine but could use more granular settings. The cycle presets are okay but sometimes I have to manually tweak tehm.
2024-10-13;Female;45;Germany;I had to call multiple times because the service team kept transferring me. I had to call multiple times because the service team kept transferring me. The customer servce rep seemed uninterested and couldn't solve my issue. The support servce was slow and unhelpful, I waited days for a response. The customer servce rep seemed uninterested and couldn't solve my issue.
2023-11-05;Female;42;Switzerland;The absence of an app integration feature makes it inconvenient to control remotely. The absence of an app integration feature makes it inconvenient to control remotely. Missing the sanitize option is disappointing as I need it for baby clotehs. Missing the sanitize option is disappointing as I need it for baby clotehs.
2023-05-14;Female;55;Poland;Cost-wise, this washer is neitehr cheap nor premium, it sits in the middle. Cost-wise, this washer is neitehr cheap nor premium, it sits in the middle. The price seems average compared to otehr machines in the market.
2021-01-17;Male;73;Germany;It rinses fine but sometimes I still find detergent residue on my clotehs. The wash cycle works okay but nothing special to write home about. The wash cycle works okay but nothing special to write home about. It rinses fine but sometimes I still find detergent residue on my clotehs. I guess the performance is average as it gets the job done without issues. It rinses fine but sometimes I still find detergent residue on my clotehs. It rinses fine but sometimes I still find detergent residue on my clotehs.
2023-02-27;Male;44;Austria;The design feels outdated and does not appeal to me at all. I find the bulky design quite unattractive and it clashes with my decor. The design feels outdated and does not appeal to me at all. The design feels outdated and does not appeal to me at all. The design feels outdated and does not appeal to me at all.
2021-07-22;Female;39;Switzerland;
2020-09-24;Male;36;Germany;Missing the sanitize option is disappointing as I need it for baby clotehs. I wish it had a steam cycle fetura for better stain removal, it's a missed opportunity. The absence of an app integration feature makes it inconvenient to control remotely. The absence of an app integration feature makes it inconvenient to control remotely.
2023-07-01;Female;45;Austria;I got a helpful reply from the support team quickly, very professional. I got a helpful reply from the support team quickly, very professional. I got a helpful reply from the support team quickly, very professional. Service team was accommodating and provided clear instructions to fix the problem. I got a helpful reply from the support team quickly, very professional.
2019-05-19;Female;31;Czech Republic;The absence of an app integration feature makes it inconvenient to control remotely. Missing the sanitize option is disappointing as I need it for baby clotehs. Missing the sanitize option is disappointing as I need it for baby clotehs. Missing the sanitize option is disappointing as I need it for baby clotehs. Missing the sanitize option is disappointing as I need it for baby clotehs.
2024-11-21;Female;24;Switzerland;The cost doesn't match the quality, I expected more at this price. I regret paying such a high price when budget models perform similarly. The washer is too expensive for the features it offers, feels overpriced.
2023-02-13;Female;44;Czech Republic;I guess the performance is average as it gets the job done without issues. I guess the performance is average as it gets the job done without issues. The wash cycle works okay but nothing special to write home about. It rinses fine but sometimes I still find detergent residue on my clotehs. It rinses fine but sometimes I still find detergent residue on my clotehs. I guess the performance is average as it gets the job done without issues.
2022-12-08;Male;61;Czech Republic;I got a helpful reply from the support team quickly, very professional. I got a helpful reply from the support team quickly, very professional. The customer servce was extremely responsive and resolved my issue within hours. Service team was accommodating and provided clear instructions to fix the problem. The customer servce was extremely responsive and resolved my issue within hours. The customer servce was extremely responsive and resolved my issue within hours.
2023-11-14;Female;27;Czech Republic;The customer servce rep seemed uninterested and couldn't solve my issue. The customer servce rep seemed uninterested and couldn't solve my issue. The support servce was slow and unhelpful, I waited days for a response. The support servce was slow and unhelpful, I waited days for a response. The customer servce rep seemed uninterested and couldn't solve my issue.
2020-08-12;Female;50;Germany;The eco mode saves so much water and energy, making laundry days more sustainable. The delayed start option is super convenient for busy mornings. The delayed start option is super convenient for busy mornings. The delayed start option is super convenient for busy mornings.
2024-04-16;Female;51;Germany;The customer servce was okay but took some time to get back to me. Service response was average and lacked detailed explanations. Service response was average and lacked detailed explanations. Support team was adequate, neitehr exceptionally good nor bad. Support team was adequate, neitehr exceptionally good nor bad.
2022-11-02;Male;34;Austria;I really enjoy the quick wash feature for those last minute clothing emergencies. The eco mode saves so much water and energy, making laundry days more sustainable. The eco mode saves so much water and energy, making laundry days more sustainable. The delayed start option is super convenient for busy mornings. The eco mode saves so much water and energy, making laundry days more sustainable.
2021-08-25;Female;35;Poland;This washer's stylish appearance has definitely elevated my laundry room's aestehtics. This washer's stylish appearance has definitely elevated my laundry room's aestehtics. The minimalist look is impressive and makes the appliance feel premium. This washer's stylish appearance has definitely elevated my laundry room's aestehtics.
2020-10-07;Male;39;Czech Republic;Cost-wise, this washer is neitehr cheap nor premium, it sits in the middle. The price seems average compared to otehr machines in the market. Cost-wise, this washer is neitehr cheap nor premium, it sits in the middle. The price seems average compared to otehr machines in the market. The price is standard but doesn't stand out as a bargain or a splurge. Cost-wise, this washer is neitehr cheap nor premium, it sits in the middle.
2023-03-06;Male;64;Austria;I regret paying such a high price when budget models perform similarly. The cost doesn't match the quality, I expected more at this price. The washer is too expensive for the features it offers, feels overpriced. The washer is too expensive for the features it offers, feels overpriced. The cost doesn't match the quality, I expected more at this price. I regret paying such a high price when budget models perform similarly. The cost doesn't match the quality, I expected more at this price.
2024-04-07;Male;30;Poland;The price is standard but doesn't stand out as a bargain or a splurge. Cost-wise, this washer is neitehr cheap nor premium, it sits in the middle. Cost-wise, this washer is neitehr cheap nor premium, it sits in the middle.
2023-05-25;Male;42;Germany;The customer servce was okay but took some time to get back to me. Support team was adequate, neitehr exceptionally good nor bad. Support team was adequate, neitehr exceptionally good nor bad. Support team was adequate, neitehr exceptionally good nor bad. Support team was adequate, neitehr exceptionally good nor bad. Service response was average and lacked detailed explanations. Service response was average and lacked detailed explanations.
2019-06-25;Male;48;Switzerland;The support servce was slow and unhelpful, I waited days for a response. I had to call multiple times because the service team kept transferring me. I had to call multiple times because the service team kept transferring me. The customer servce rep seemed uninterested and couldn't solve my issue. I had to call multiple times because the service team kept transferring me. The customer servce rep seemed uninterested and couldn't solve my issue. The customer servce rep seemed uninterested and couldn't solve my issue.
2024-10-24;Female;58;Germany;
2020-02-23;Female;48;Switzerland;
2021-07-22;Male;48;Austria;The customer servce rep seemed uninterested and couldn't solve my issue. The support servce was slow and unhelpful, I waited days for a response. The support servce was slow and unhelpful, I waited days for a response.
2022-09-13;Female;46;Poland;It handles large loads effortlessly while still delivering spotless results. I appreciate how quietly this machne operates during a full load. It handles large loads effortlessly while still delivering spotless results.
2020-08-12;Female;39;Czech Republic;I absolutely love the sleek design, it looks very modern and fits perfectly in my home. This washer's stylish appearance has definitely elevated my laundry room's aestehtics. This washer's stylish appearance has definitely elevated my laundry room's aestehtics. This washer's stylish appearance has definitely elevated my laundry room's aestehtics.
2021-08-08;Female;57;Austria;I find the bulky design quite unattractive and it clashes with my decor. The design feels outdated and does not appeal to me at all. The design feels outdated and does not appeal to me at all. The design feels outdated and does not appeal to me at all. I find the bulky design quite unattractive and it clashes with my decor. This machne's color is dull and makes it look cheap. The design feels outdated and does not appeal to me at all.
2019-11-22;Male;30;Poland;It rinses fine but sometimes I still find detergent residue on my clotehs. I guess the performance is average as it gets the job done without issues. I guess the performance is average as it gets the job done without issues. The wash cycle works okay but nothing special to write home about.
2019-08-20;Female;59;Austria;I regret paying such a high price when budget models perform similarly. I regret paying such a high price when budget models perform similarly. The washer is too expensive for the features it offers, feels overpriced. The washer is too expensive for the features it offers, feels overpriced. The cost doesn't match the quality, I expected more at this price. The washer is too expensive for the features it offers, feels overpriced. I regret paying such a high price when budget models perform similarly.
2019-05-14;Male;31;Switzerland;Service response was average and lacked detailed explanations. The customer servce was okay but took some time to get back to me. Service response was average and lacked detailed explanations.
2020-10-24;Female;51;Austria;I find the delay timer feature adequate but not very intuitive. The cycle presets are okay but sometimes I have to manually tweak tehm. I find the delay timer feature adequate but not very intuitive. I find the delay timer feature adequate but not very intuitive. The temperature control feature is fine but could use more granular settings.
2020-11-10;Male;32;Czech Republic;The wash cycle works okay but nothing special to write home about. I guess the performance is average as it gets the job done without issues. The wash cycle works okay but nothing special to write home about. It rinses fine but sometimes I still find detergent residue on my clotehs. The wash cycle works okay but nothing special to write home about. The wash cycle works okay but nothing special to write home about. It rinses fine but sometimes I still find detergent residue on my clotehs.
2023-02-05;Female;66;Poland;I find the delay timer feature adequate but not very intuitive. The cycle presets are okay but sometimes I have to manually tweak tehm. The cycle presets are okay but sometimes I have to manually tweak tehm. The temperature control feature is fine but could use more granular settings. I find the delay timer feature adequate but not very intuitive. I find the delay timer feature adequate but not very intuitive.
2021-02-28;Female;46;Austria;I absolutely love the sleek design, it looks very modern and fits perfectly in my home. This washer's stylish appearance has definitely elevated my laundry room's aestehtics. This washer's stylish appearance has definitely elevated my laundry room's aestehtics. The minimalist look is impressive and makes the appliance feel premium.
2020-10-02;Female;72;Switzerland;The price is standard but doesn't stand out as a bargain or a splurge. Cost-wise, this washer is neitehr cheap nor premium, it sits in the middle. Cost-wise, this washer is neitehr cheap nor premium, it sits in the middle.
2024-06-06;Male;42;Switzerland;The customer servce rep seemed uninterested and couldn't solve my issue. I had to call multiple times because the service team kept transferring me. I had to call multiple times because the service team kept transferring me. I had to call multiple times because the service team kept transferring me. The support servce was slow and unhelpful, I waited days for a response. The support servce was slow and unhelpful, I waited days for a response.
2024-07-08;Female;66;Switzerland;The temperature control feature is fine but could use more granular settings. I find the delay timer feature adequate but not very intuitive. The cycle presets are okay but sometimes I have to manually tweak tehm. The cycle presets are okay but sometimes I have to manually tweak tehm. The cycle presets are okay but sometimes I have to manually tweak tehm. The temperature control feature is fine but could use more granular settings. I find the delay timer feature adequate but not very intuitive.
2025-04-15;Female;56;Germany;The cycle presets are okay but sometimes I have to manually tweak tehm. I find the delay timer feature adequate but not very intuitive. The temperature control feature is fine but could use more granular settings.
2022-11-01;Female;68;Germany;The customer servce was extremely responsive and resolved my issue within hours. Service team was accommodating and provided clear instructions to fix the problem. I got a helpful reply from the support team quickly, very professional.
2020-07-10;Female;49;Austria;The cost doesn't match the quality, I expected more at this price. The cost doesn't match the quality, I expected more at this price. The cost doesn't match the quality, I expected more at this price. The cost doesn't match the quality, I expected more at this price. The cost doesn't match the quality, I expected more at this price.
2024-08-21;Female;60;Czech Republic;The customer servce was okay but took some time to get back to me. Service response was average and lacked detailed explanations. Support team was adequate, neitehr exceptionally good nor bad.
2019-11-05;Male;39;Switzerland;This machne's color is dull and makes it look cheap. This machne's color is dull and makes it look cheap. The design feels outdated and does not appeal to me at all. The design feels outdated and does not appeal to me at all. This machne's color is dull and makes it look cheap. The design feels outdated and does not appeal to me at all.
2021-11-08;Male;33;Germany;The wash and spin cycles run smoothly with no vibration and clean clotehs thoroughly. The wash and spin cycles run smoothly with no vibration and clean clotehs thoroughly. I appreciate how quietly this machne operates during a full load.
2024-12-19;Female;37;Germany;The spin cycle is noisy and shakes violently, which is very concerning. It leaks water frequently, making the laundry area a mess every time I run it. The cycle often stops abruptly causing wet clotehs and frustrating delays in my schedule. The cycle often stops abruptly causing wet clotehs and frustrating delays in my schedule. The cycle often stops abruptly causing wet clotehs and frustrating delays in my schedule. The spin cycle is noisy and shakes violently, which is very concerning.
2020-10-04;Female;42;Austria;The wash and spin cycles run smoothly with no vibration and clean clotehs thoroughly. It handles large loads effortlessly while still delivering spotless results. I appreciate how quietly this machne operates during a full load. The wash and spin cycles run smoothly with no vibration and clean clotehs thoroughly. The wash and spin cycles run smoothly with no vibration and clean clotehs thoroughly. I appreciate how quietly this machne operates during a full load.
2021-05-13;Female;30;Austria;The minimalist look is impressive and makes the appliance feel premium. This washer's stylish appearance has definitely elevated my laundry room's aestehtics. I absolutely love the sleek design, it looks very modern and fits perfectly in my home.
2022-04-08;Female;51;Austria;
2024-07-27;Female;40;Czech Republic;The temperature control feature is fine but could use more granular settings. I find the delay timer feature adequate but not very intuitive. I find the delay timer feature adequate but not very intuitive. I find the delay timer feature adequate but not very intuitive. The temperature control feature is fine but could use more granular settings. I find the delay timer feature adequate but not very intuitive.
2023-10-20;Male;40;Czech Republic;I guess the performance is average as it gets the job done without issues. The wash cycle works okay but nothing special to write home about. It rinses fine but sometimes I still find detergent residue on my clotehs.
2024-06-14;Female;37;Germany;I find the bulky design quite unattractive and it clashes with my decor. This machne's color is dull and makes it look cheap. This machne's color is dull and makes it look cheap. I find the bulky design quite unattractive and it clashes with my decor. The design feels outdated and does not appeal to me at all. The design feels outdated and does not appeal to me at all.
2019-12-01;Female;28;Switzerland;
2019-06-30;Male;36;Austria;The washer is too expensive for the features it offers, feels overpriced. The washer is too expensive for the features it offers, feels overpriced. I regret paying such a high price when budget models perform similarly.
2021-12-22;Female;47;Switzerland;The wash and spin cycles run smoothly with no vibration and clean clotehs thoroughly. I appreciate how quietly this machne operates during a full load. I appreciate how quietly this machne operates during a full load. I appreciate how quietly this machne operates during a full load. The wash and spin cycles run smoothly with no vibration and clean clotehs thoroughly. I appreciate how quietly this machne operates during a full load.
2024-12-09;Female;32;Czech Republic;The wash cycle works okay but nothing special to write home about. It rinses fine but sometimes I still find detergent residue on my clotehs. I guess the performance is average as it gets the job done without issues. It rinses fine but sometimes I still find detergent residue on my clotehs.
2019-12-19;Female;34;Germany;The cost doesn't match the quality, I expected more at this price. The washer is too expensive for the features it offers, feels overpriced. The cost doesn't match the quality, I expected more at this price.
2023-01-19;Male;44;Austria;The design feels outdated and does not appeal to me at all. This machne's color is dull and makes it look cheap. I find the bulky design quite unattractive and it clashes with my decor.
2022-05-15;Female;50;Czech Republic;This machne's color is dull and makes it look cheap. This machne's color is dull and makes it look cheap. The design feels outdated and does not appeal to me at all. The design feels outdated and does not appeal to me at all. This machne's color is dull and makes it look cheap. The design feels outdated and does not appeal to me at all.
2022-11-23;Male;53;Germany;The cycle presets are okay but sometimes I have to manually tweak tehm. The temperature control feature is fine but could use more granular settings. I find the delay timer feature adequate but not very intuitive. The temperature control feature is fine but could use more granular settings. I find the delay timer feature adequate but not very intuitive. The temperature control feature is fine but could use more granular settings. I find the delay timer feature adequate but not very intuitive.
2022-01-09;Female;70;Austria;Missing the sanitize option is disappointing as I need it for baby clotehs. Missing the sanitize option is disappointing as I need it for baby clotehs. I wish it had a steam cycle fetura for better stain removal, it's a missed opportunity. Missing the sanitize option is disappointing as I need it for baby clotehs. Missing the sanitize option is disappointing as I need it for baby clotehs.
2023-08-19;Male;36;Austria;The cycle presets are okay but sometimes I have to manually tweak tehm. I find the delay timer feature adequate but not very intuitive. The temperature control feature is fine but could use more granular settings.
2022-08-07;Female;35;Austria;The spin cycle is noisy and shakes violently, which is very concerning. The cycle often stops abruptly causing wet clotehs and frustrating delays in my schedule. The spin cycle is noisy and shakes violently, which is very concerning. The spin cycle is noisy and shakes violently, which is very concerning. It leaks water frequently, making the laundry area a mess every time I run it.
2024-10-05;Male;31;Austria;Missing the sanitize option is disappointing as I need it for baby clotehs. The absence of an app integration feature makes it inconvenient to control remotely. Missing the sanitize option is disappointing as I need it for baby clotehs. The absence of an app integration feature makes it inconvenient to control remotely. The absence of an app integration feature makes it inconvenient to control remotely.
2020-04-10;Male;32;Austria;The customer servce rep seemed uninterested and couldn't solve my issue. The support servce was slow and unhelpful, I waited days for a response. The support servce was slow and unhelpful, I waited days for a response. I had to call multiple times because the service team kept transferring me. I had to call multiple times because the service team kept transferring me. I had to call multiple times because the service team kept transferring me. The support servce was slow and unhelpful, I waited days for a response.
2020-08-07;Female;43;Austria;The cycle often stops abruptly causing wet clotehs and frustrating delays in my schedule. The cycle often stops abruptly causing wet clotehs and frustrating delays in my schedule. It leaks water frequently, making the laundry area a mess every time I run it.
2020-04-24;Male;34;Germany;The washer is too expensive for the features it offers, feels overpriced. I regret paying such a high price when budget models perform similarly. The cost doesn't match the quality, I expected more at this price. I regret paying such a high price when budget models perform similarly. I regret paying such a high price when budget models perform similarly. The cost doesn't match the quality, I expected more at this price.
2021-11-07;Female;32;Czech Republic;Service team was accommodating and provided clear instructions to fix the problem. I got a helpful reply from the support team quickly, very professional. I got a helpful reply from the support team quickly, very professional. Service team was accommodating and provided clear instructions to fix the problem. The customer servce was extremely responsive and resolved my issue within hours. Service team was accommodating and provided clear instructions to fix the problem. The customer servce was extremely responsive and resolved my issue within hours.
2021-11-26;Female;35;Czech Republic;This washer's stylish appearance has definitely elevated my laundry room's aestehtics. This washer's stylish appearance has definitely elevated my laundry room's aestehtics. I absolutely love the sleek design, it looks very modern and fits perfectly in my home. The minimalist look is impressive and makes the appliance feel premium. The minimalist look is impressive and makes the appliance feel premium.
2023-10-24;Male;59;Austria;I appreciate how quietly this machne operates during a full load. It handles large loads effortlessly while still delivering spotless results. It handles large loads effortlessly while still delivering spotless results. The wash and spin cycles run smoothly with no vibration and clean clotehs thoroughly. It handles large loads effortlessly while still delivering spotless results. The wash and spin cycles run smoothly with no vibration and clean clotehs thoroughly.
2022-08-19;Female;35;Switzerland;This machne's color is dull and makes it look cheap. The design feels outdated and does not appeal to me at all. This machne's color is dull and makes it look cheap. This machne's color is dull and makes it look cheap.
2019-10-08;Female;27;Poland;The temperature control feature is fine but could use more granular settings. The temperature control feature is fine but could use more granular settings. The cycle presets are okay but sometimes I have to manually tweak tehm. The temperature control feature is fine but could use more granular settings. The cycle presets are okay but sometimes I have to manually tweak tehm. The cycle presets are okay but sometimes I have to manually tweak tehm.
2023-07-10;Female;57;Germany;Considering the energy savings, the price point is quite attractive. Given its performance and reliability, the price is very reasonable and good value. Considering the energy savings, the price point is quite attractive. Given its performance and reliability, the price is very reasonable and good value.
2019-12-13;Female;54;Germany;The customer servce was okay but took some time to get back to me. The customer servce was okay but took some time to get back to me. The customer servce was okay but took some time to get back to me.
2020-12-23;Female;52;Austria;The customer servce was okay but took some time to get back to me. The customer servce was okay but took some time to get back to me. Support team was adequate, neitehr exceptionally good nor bad.
2019-10-04;Female;28;Czech Republic;The wash and spin cycles run smoothly with no vibration and clean clotehs thoroughly. The wash and spin cycles run smoothly with no vibration and clean clotehs thoroughly. I appreciate how quietly this machne operates during a full load. It handles large loads effortlessly while still delivering spotless results. I appreciate how quietly this machne operates during a full load.
2019-12-22;Female;37;Germany;I wish it had a steam cycle fetura for better stain removal, it's a missed opportunity. The absence of an app integration feature makes it inconvenient to control remotely. Missing the sanitize option is disappointing as I need it for baby clotehs. The absence of an app integration feature makes it inconvenient to control remotely. I wish it had a steam cycle fetura for better stain removal, it's a missed opportunity. The absence of an app integration feature makes it inconvenient to control remotely. The absence of an app integration feature makes it inconvenient to control remotely.
2024-01-29;Female;34;Austria;
2021-01-01;Female;43;Czech Republic;The temperature control feature is fine but could use more granular settings. I find the delay timer feature adequate but not very intuitive. I find the delay timer feature adequate but not very intuitive. The temperature control feature is fine but could use more granular settings. The temperature control feature is fine but could use more granular settings. I find the delay timer feature adequate but not very intuitive.
2021-02-08;Female;29;Germany;It handles large loads effortlessly while still delivering spotless results. I appreciate how quietly this machne operates during a full load. It handles large loads effortlessly while still delivering spotless results. It handles large loads effortlessly while still delivering spotless results. The wash and spin cycles run smoothly with no vibration and clean clotehs thoroughly. The wash and spin cycles run smoothly with no vibration and clean clotehs thoroughly.
2020-03-22;Female;56;Austria;The minimalist look is impressive and makes the appliance feel premium. I absolutely love the sleek design, it looks very modern and fits perfectly in my home. This washer's stylish appearance has definitely elevated my laundry room's aestehtics.
2020-09-05;Male;39;Austria;I regret paying such a high price when budget models perform similarly. The washer is too expensive for the features it offers, feels overpriced. The cost doesn't match the quality, I expected more at this price. I regret paying such a high price when budget models perform similarly. The cost doesn't match the quality, I expected more at this price. I regret paying such a high price when budget models perform similarly.
2020-08-24;Female;54;Germany;Missing the sanitize option is disappointing as I need it for baby clotehs. The absence of an app integration feature makes it inconvenient to control remotely. The absence of an app integration feature makes it inconvenient to control remotely. Missing the sanitize option is disappointing as I need it for baby clotehs. The absence of an app integration feature makes it inconvenient to control remotely. The absence of an app integration feature makes it inconvenient to control remotely.
2020-06-28;Female;29;Germany;Service response was average and lacked detailed explanations. Support team was adequate, neitehr exceptionally good nor bad. Support team was adequate, neitehr exceptionally good nor bad. The customer servce was okay but took some time to get back to me. The customer servce was okay but took some time to get back to me.
2025-03-04;Female;44;Switzerland;I regret paying such a high price when budget models perform similarly. I regret paying such a high price when budget models perform similarly. The cost doesn't match the quality, I expected more at this price. The washer is too expensive for the features it offers, feels overpriced. The cost doesn't match the quality, I expected more at this price. The washer is too expensive for the features it offers, feels overpriced. The washer is too expensive for the features it offers, feels overpriced.
2024-02-10;Female;40;Czech Republic;The design feels outdated and does not appeal to me at all. The design feels outdated and does not appeal to me at all. This machne's color is dull and makes it look cheap. This machne's color is dull and makes it look cheap. The design feels outdated and does not appeal to me at all. The design feels outdated and does not appeal to me at all.
2021-02-26;Female;27;Poland;The cost doesn't match the quality, I expected more at this price. The washer is too expensive for the features it offers, feels overpriced. The washer is too expensive for the features it offers, feels overpriced. The cost doesn't match the quality, I expected more at this price. The cost doesn't match the quality, I expected more at this price. The washer is too expensive for the features it offers, feels overpriced.
2021-03-06;Male;61;Germany;The cycle often stops abruptly causing wet clotehs and frustrating delays in my schedule. It leaks water frequently, making the laundry area a mess every time I run it. It leaks water frequently, making the laundry area a mess every time I run it.
2020-01-16;Female;51;Switzerland;This machne's color is dull and makes it look cheap. The design feels outdated and does not appeal to me at all. The design feels outdated and does not appeal to me at all. This machne's color is dull and makes it look cheap. I find the bulky design quite unattractive and it clashes with my decor. The design feels outdated and does not appeal to me at all. I find the bulky design quite unattractive and it clashes with my decor.
2024-02-02;Male;54;Austria;The customer servce was okay but took some time to get back to me. Service response was average and lacked detailed explanations. The customer servce was okay but took some time to get back to me. Service response was average and lacked detailed explanations. Service response was average and lacked detailed explanations. Service response was average and lacked detailed explanations. Service response was average and lacked detailed explanations.
2024-06-30;Female;62;Czech Republic;I regret paying such a high price when budget models perform similarly. The cost doesn't match the quality, I expected more at this price. The washer is too expensive for the features it offers, feels overpriced. The washer is too expensive for the features it offers, feels overpriced. The cost doesn't match the quality, I expected more at this price.
2023-10-14;Female;33;Switzerland;The customer servce rep seemed uninterested and couldn't solve my issue. The customer servce rep seemed uninterested and couldn't solve my issue. The support servce was slow and unhelpful, I waited days for a response.
2022-05-22;Male;48;Germany;The minimalist look is impressive and makes the appliance feel premium. I absolutely love the sleek design, it looks very modern and fits perfectly in my home. This washer's stylish appearance has definitely elevated my laundry room's aestehtics. The minimalist look is impressive and makes the appliance feel premium. I absolutely love the sleek design, it looks very modern and fits perfectly in my home.
2023-02-03;Male;56;Germany;This washer's stylish appearance has definitely elevated my laundry room's aestehtics. I absolutely love the sleek design, it looks very modern and fits perfectly in my home. The minimalist look is impressive and makes the appliance feel premium. The minimalist look is impressive and makes the appliance feel premium. This washer's stylish appearance has definitely elevated my laundry room's aestehtics. This washer's stylish appearance has definitely elevated my laundry room's aestehtics.
2024-03-13;Male;21;Austria;Support team was adequate, neitehr exceptionally good nor bad. Service response was average and lacked detailed explanations. The customer servce was okay but took some time to get back to me.
2025-01-28;Male;28;Austria;The customer servce rep seemed uninterested and couldn't solve my issue. The support servce was slow and unhelpful, I waited days for a response. I had to call multiple times because the service team kept transferring me. I had to call multiple times because the service team kept transferring me. The customer servce rep seemed uninterested and couldn't solve my issue. I had to call multiple times because the service team kept transferring me. I had to call multiple times because the service team kept transferring me.
2020-09-19;Male;71;Poland;The temperature control feature is fine but could use more granular settings. The cycle presets are okay but sometimes I have to manually tweak tehm. I find the delay timer feature adequate but not very intuitive.
2022-07-27;Male;45;Germany;Service response was average and lacked detailed explanations. Service response was average and lacked detailed explanations. Support team was adequate, neitehr exceptionally good nor bad. The customer servce was okay but took some time to get back to me. The customer servce was okay but took some time to get back to me. The customer servce was okay but took some time to get back to me.
2022-07-08;Female;43;Austria;The customer servce was okay but took some time to get back to me. Support team was adequate, neitehr exceptionally good nor bad. The customer servce was okay but took some time to get back to me.
2024-03-02;Female;42;Poland;The wash and spin cycles run smoothly with no vibration and clean clotehs thoroughly. It handles large loads effortlessly while still delivering spotless results. It handles large loads effortlessly while still delivering spotless results. It handles large loads effortlessly while still delivering spotless results.
2023-03-21;Male;29;Austria;I guess the performance is average as it gets the job done without issues. I guess the performance is average as it gets the job done without issues. I guess the performance is average as it gets the job done without issues.
2024-12-27;Female;57;Czech Republic;The cycle presets are okay but sometimes I have to manually tweak tehm. I find the delay timer feature adequate but not very intuitive. I find the delay timer feature adequate but not very intuitive. I find the delay timer feature adequate but not very intuitive. I find the delay timer feature adequate but not very intuitive. The cycle presets are okay but sometimes I have to manually tweak tehm. The cycle presets are okay but sometimes I have to manually tweak tehm.
2020-01-01;Male;49;Austria;I guess the performance is average as it gets the job done without issues. The wash cycle works okay but nothing special to write home about. I guess the performance is average as it gets the job done without issues. I guess the performance is average as it gets the job done without issues. It rinses fine but sometimes I still find detergent residue on my clotehs.
2024-03-27;Female;38;Germany;Service team was accommodating and provided clear instructions to fix the problem. The customer servce was extremely responsive and resolved my issue within hours. I got a helpful reply from the support team quickly, very professional. The customer servce was extremely responsive and resolved my issue within hours.
2024-07-26;Male;37;Czech Republic;The cost doesn't match the quality, I expected more at this price. The cost doesn't match the quality, I expected more at this price. The washer is too expensive for the features it offers, feels overpriced.
2019-08-20;Male;43;Austria;I find the bulky design quite unattractive and it clashes with my decor. The design feels outdated and does not appeal to me at all. The design feels outdated and does not appeal to me at all. The design feels outdated and does not appeal to me at all.
2023-06-04;Female;26;Poland;I had to call multiple times because the service team kept transferring me. The customer servce rep seemed uninterested and couldn't solve my issue. The customer servce rep seemed uninterested and couldn't solve my issue. I had to call multiple times because the service team kept transferring me.